intent,greeting_normalized,text,frequency,pure_greeting,date
saludo_con_solicitud,cordial saludo,Cordial Saludo Espero este mensaje le encuentre bien. Nos dirigimos a usted para dar seguimiento al proceso relacionado. Nuestro objetivo principal es asegurarnos de que cuente con todo el apoyo necesario para completar este trámite de manera eficiente y satisfactoria,518,False,2026-01-07T16:38:08+03:00
saludo_con_solicitud,hola,"hola yo de nuevo, alguna actualizacion de mis asuntos",330,False,2025-06-12T02:19:38+03:00
saludo_con_solicitud,cordial saludo,Cordial Saludo Espero este mensaje le encuentre bien. Nos dirigimos a usted para dar seguimiento al proceso relacionado. Nuestro objetivo principal es asegurarnos de que cuente con todo el apoyo necesario para completar este trámite de manera eficiente y satisfactoria. === SYSTEM WZ === La plantilla de marketing no se puede enviar a este cliente en este momento debido a la limitación de mensajes de marketing. Inténtelo de nuevo más tarde o envíe una plantilla de otra categoría,81,False,2026-01-23T15:12:35+03:00
saludo_con_solicitud,hola,"Hola soy Estefania, cómo puedo ayudarte con la compra",77,False,2026-02-20T22:43:06+03:00
saludo_con_solicitud,hola,"Hola estamos atentos para saber si continúa interesado de la oferta enviada o no. E igual si tiene alguna otra necesidad, estamos para servirle Ingresa a este enlace y Optimiza tu eficiencia en nuestro buscador y ¡Potencia tu industria hoy",21,False,2025-09-14T01:21:56+03:00
saludo_con_solicitud,hola,"Hola estamos atentos para saber si continúa interesado de la oferta enviada o no. E igual si tiene alguna otra necesidad, estamos para servirle Ingresa a este enlace y Optimiza tu eficiencia en nuestro buscador y ¡Potencia tu industria hoy! https://viaindustrial.bitrix24.es/~9m4hS",18,False,2025-09-13T23:55:36+03:00
saludo_con_solicitud,hola,Hola buen día. Cuéntame cómo te fue con la cotización,17,False,2025-12-19T22:31:06+03:00
saludo_con_solicitud,hola,"hola buenos dias, soy Estefania Gonzalez. cuentame que dudas tienen para realizar la compra",16,False,2025-11-19T15:55:32+03:00
saludo_con_solicitud,cordial saludo,"Cordial Saludo Espero este mensaje le encuentre bien. Nos dirigimos a usted para dar seguimiento al proceso relacionado. Nuestro objetivo principal es asegurarnos de que cuente con todo el apoyo necesario para completar este trámite de manera eficiente y satisfactoria. === SYSTEM WZ === No puedes iniciar una correspondencia de 24 horas con este cliente usando la plantilla """"Marketing"""": eso es lo que decidió Meta. Envíe una plantilla de una categoría diferente",14,False,2025-11-25T21:18:24+03:00
saludo_con_solicitud,buen dia,"buen dia, señor Alex, para poder cotizarle la valvula que esta soliictando, necesito saber, la valvula para que uso es?? agua?? gas?? vapor??? de que conexion 1/2"""" ?? 1""""? 2""""?? y a que voltage 110 v?? 220v?? 24v",12,False,2026-01-23T15:59:22+03:00
saludo_con_solicitud,buenos dias,"Buenos días. No nos gusta incomodar a nuestros clientes, nos interesaría saber si ¿Todavía está solicitando por el cual nos contactó? Le agradecemos mucho su gentileza… Saludos cordiales",11,False,2025-09-17T23:08:04+03:00
saludo_con_solicitud,hola,"Hola, para cotizar el producto que más se acople a tu necesidad, es importante que me brindes más información: características o si tienes una referencia. Quedo súper atenta para cotizarte",10,False,2026-01-20T21:42:53+03:00
saludo_con_solicitud,hola,"Hola buen día, Me gustaría saber ¿Si realizaran el Pedido o para cuando está programado? Estaremos atentos a sus comentarios para Procesar tu Pedido o Cancelarlo",9,False,2025-07-27T03:30:49+03:00
saludo_con_solicitud,cordial saludo,Cordial saludo. Te estas comunicando con el área de compras de Pinzuar SAS ¿Cómo puedo ayudarte,8,False,2026-03-10T17:54:13+03:00
saludo_con_solicitud,buenos dias,"Buenos dias Sra Angela, soy Estefania Gonzalez. la cotizacion esta con descuento del 16% enviame el RUT te realizo el pedido",5,False,2025-10-22T17:29:04+03:00
saludo_con_solicitud,hola,"Hola buenas tardes, como estás",5,False,2026-03-03T01:23:04+03:00
saludo_con_solicitud,hola,"hola buenas tardes, soy Estefania Gonzalez. cuentame que dudas tienen para realizar la compra",5,False,2025-10-16T23:47:15+03:00
saludo_con_solicitud,hola,"Hola buenas tardes, Sra Angela te estaba llamando para validar si ya aprobaron la compra del equipo",5,False,2025-10-23T23:29:27+03:00
saludo_con_solicitud,hola,"Hola soy Estefania, en que te puedo colaborar",5,False,2026-02-25T01:04:51+03:00
saludo_con_solicitud,buenas tardes,"buenas tardes, señora SANDRA, sus equipos se estarn despachando el dia viernes, el motivo del porque no se han despachado es porque el calibrador esta en proceso de la calibracion, pues me acabnan de informar que estaba el LABORATORIO en porceso de AUDITORIAS, para poder recertificar el laboratorio para su acreditacion ante la onac, y hasta hoy empezaron a volver a retomar el proceso de las calibraciones, le pido de antemano disculpas, pues no sabia que habia pasado, pero ya hoy nos informaron que ya estan volviendo a retomar ñabores",4,False,2025-10-29T20:46:30+03:00
saludo_con_solicitud,hola,Hola Briyith buenos dias como estas,4,False,2025-10-08T16:19:38+03:00
saludo_con_solicitud,hola,"Hola buen día, ¿En qué podemos servir? Con gusto",4,False,2025-07-23T19:35:10+03:00
saludo_con_solicitud,hola,"Hola buenas tardes Sra Clara, soy Estefania Gonzalez. te estaba llamando para revisar la cotizacion. cuentame en que momento te puedo llamar",4,False,2025-10-29T22:17:35+03:00
saludo_con_solicitud,hola,"Hola buenos días, si hay algun factor decisivo para realizar la compra con nosotros me informas por favor",4,False,2025-06-26T16:21:02+03:00
saludo_con_solicitud,hola,"hola, me podrias enviar un correo con la solicitud, para reenviarlo, gracias opuedes enviar a alejandra.camargo@pollo-fiesta.com",4,False,2025-09-22T16:54:57+03:00
saludo_con_solicitud,buen dia,"Buen dia, la factura no se ha generado",3,False,2026-02-27T17:45:17+03:00
saludo_con_solicitud,buen dia,"Buen día, mi nombre es Ariel Elizalde y me encuentro en Ecuador. Estoy interesado en adquirir el Detector de Metales FARAÓN P3000 (modelo P253613). ¿Podrían indicarme si tienen disponibilidad? También quisiera saber el precio actualizado, tiempo estimado de envío a Ecuador, y si el valor incluye costos de envío e impuestos aduaneros, o si debo gestionarlos aparte. Agradezco mucho su atención. Quedo pendiente de su respuesta para concretar la compra",3,False,2025-07-02T21:06:41+03:00
saludo_con_solicitud,buen dia,"Buen día, para cotizar un termohidrómetro ASTM S557HL",3,False,2025-08-11T17:12:42+03:00
saludo_con_solicitud,buenas tardes,"Buenas tardes, Te envio el link actualizado con el envio, te genero la proforma",3,False,2026-01-09T23:00:08+03:00
saludo_con_solicitud,buenas tardes,"Buenas tardes, ya reporto a contabilidad, si aplicaste retenciones, me informas cuales",3,False,2026-03-12T23:01:10+03:00
saludo_con_solicitud,buenas,Buenas tardesn pueden recogerlo en Bogota en oficina o se entrega con el mensajero. valor del envio 26.000 + iva https://www.viaindustrial.com/cotizacion.asp?CotCliente=1251281&token=469230&p=P238393 enviame el RUT te realizo el pedido,3,False,2025-10-24T23:42:51+03:00
saludo_con_solicitud,buenos dias,"Buenos dias, en el siguiente link puede ver y descargar la ficha https://www.viaindustrial.com/catalogos_pdf/P118504.pdf revisala y me cuentas si hay algun factor decisivo para realizar la compra con nosotros",3,False,2025-07-23T13:21:48+03:00
saludo_con_solicitud,hola,"hola buen día, <oferta con dsto https://www.viaindustrial.com/cotizacion.asp?CotCliente=1221850&token=458194&p=P101760",3,False,2025-07-07T19:24:24+03:00
saludo_con_solicitud,hola,Hola buenos dias === SYSTEM WZ === La plantilla de marketing no se puede enviar a este cliente en este momento debido a la limitación de mensajes de marketing. Inténtelo de nuevo más tarde o envíe una plantilla de otra categoría,3,False,2025-12-10T19:20:09+03:00
saludo_con_solicitud,hola,"Hola Karen, lamento la demora. Te envio el link de la cotización actualizada con el DESCUENTO y la PT100, te genero la proforma para que aproveches el DESCUENTO",3,False,2025-10-17T02:19:25+03:00
saludo_con_solicitud,hola,"HOLA SOY Angela V tu Ejecutiva de cuenta. Para la factura proforma, por favor me compartes tu RUT o RUC y/o documento de identidad de su empresa en su país, este documento actualizado para crearlo o actualizar la información en el sistema, confirmando: * E-mail habilitado para facturación electrónica * Día de cierre contable * Dirección y ciudad de despacho * Cel y nombre de la persona que recibe",3,False,2025-11-05T20:35:34+03:00
saludo_con_solicitud,hola,"Hola Sra Diana, te aprobaron la compra del sonometro",3,False,2026-03-04T20:24:03+03:00
saludo_con_solicitud,hola,"Hola Tatiana buenas tardes, como estas ? me ayudas validando Direccion Envio DG 30 50 187 BRR ZARAGOCILLA SEC EL CAIRO Cartagena 3205780519 TATIANA BOLAÑO",3,False,2025-12-11T20:04:06+03:00
saludo_con_solicitud,hola,"Hola Tatiana buenas tardes, como estas ? me ayudas validando Direccion Envio DG 30 50 187 BRR ZARAGOCILLA SEC EL CAIRO Cartagena 3205780519 TATIANA BOLAÑO >> >> Confirmado",3,False,2025-12-12T16:06:49+03:00
saludo_con_solicitud,hola,"Hola Tatiana buenos dias, te envio de nuevo la certificacion bancaria para que la compartas y puedan validar",3,False,2025-11-21T13:58:32+03:00
saludo_con_solicitud,hola,"Hola Tatiana, no olvides contarme que te informan de tesoreria",3,False,2025-11-24T19:39:47+03:00
saludo_con_solicitud,hola,"Hola, gracias por contactarnos. Como podemos ayudarte",3,False,2026-02-16T19:17:02+03:00
saludo_con_solicitud,buen dia,Buen dia === SYSTEM WZ === La plantilla de marketing no se puede enviar a este cliente en este momento debido a la limitación de mensajes de marketing. Inténtelo de nuevo más tarde o envíe una plantilla de otra categoría,2,False,2025-10-24T22:52:34+03:00
saludo_con_solicitud,buen dia,"Buen dia por favor ingresar al link de la reunión que fue agendada el día de ayer, esperaré hasta las 10:10 am",2,False,2025-07-22T18:07:54+03:00
saludo_con_solicitud,buen dia,"Buen dia por favor ingresar al link de la reunión que fue agendada el día de ayer, esperaré hasta las 10:10 am === SYSTEM WZ === La plantilla de marketing no se puede enviar a este cliente en este momento debido a la limitación de mensajes de marketing. Inténtelo de nuevo más tarde o envíe una plantilla de otra categoría",2,False,2025-07-22T18:08:05+03:00
saludo_con_solicitud,buen dia,"Buen dia señora Johana, pudieron realizar el pago el dia de ayer",2,False,2026-02-27T17:05:51+03:00
saludo_con_solicitud,buen dia,"buen dia, ahi se le envia actualizada la cotizacion",2,False,2026-03-10T19:40:26+03:00
saludo_con_solicitud,buen dia,"Buen dia, en que le puedo colaborar",2,False,2025-10-06T16:28:49+03:00
saludo_con_solicitud,buen dia,"buen dia, para poder cotizarle necesito EXACTAMENTE la referencia que necesita",2,False,2025-12-04T18:57:06+03:00
saludo_con_solicitud,buen dia,"Buen dia, pudieron realizar el pago",2,False,2026-01-28T22:24:53+03:00
saludo_con_solicitud,buen dia,"Buen dia, pudieron realizar el pago? === SYSTEM WZ === La plantilla de marketing no se puede enviar a este cliente en este momento debido a la limitación de mensajes de marketing. Inténtelo de nuevo más tarde o envíe una plantilla de otra categoría",2,False,2026-01-28T22:25:00+03:00
saludo_con_solicitud,buen dia,"Buen dia, recuerda que estoy al tanto, para poder continuar con la compra",2,False,2025-10-31T19:30:11+03:00
saludo_con_solicitud,buen dia,buen dia. si se realizará la compra,2,False,2026-02-26T19:37:13+03:00
saludo_con_solicitud,buen dia,"buen día, envió en ese enlace ficha",2,False,2025-07-23T18:13:31+03:00
saludo_con_solicitud,buen dia,"Buen día, estoy atenta al soporte",2,False,2026-02-24T18:47:57+03:00
saludo_con_solicitud,buen dia,"Buen día, gracias por comunicarte con INVERSIONES MONITOX ¿Cómo puedo ayudarte",2,False,2025-08-19T15:18:15+03:00
saludo_con_solicitud,buen dia,"Buen día, hay algún elemento similar que pueda homologarse",2,False,2026-03-09T16:02:45+03:00
saludo_con_solicitud,buen dia,"Buen día, Me confirma si continuan con la compra o procedo a liberarla en almacén",2,False,2026-02-26T19:36:29+03:00
saludo_con_solicitud,buen dia,"Buen día, me confirmas si continuan la compra, por favor",2,False,2026-03-06T18:14:09+03:00
saludo_con_solicitud,buen dia,"Buen día, Soy Angela V. tu ejecutiva de cuenta. ¿Recuerdas que te enviamos una oferta? déjame saber si cumple con las características para suplir tu necesidad y si está en tu presupuesto… estoy para servirte",2,False,2025-06-08T03:44:53+03:00
saludo_con_solicitud,buen dia,"Buen día, te consulto, en que estado esta la compra",2,False,2026-03-04T18:48:31+03:00
saludo_con_solicitud,buen dia,"Buen día, veo que no se excluyó dentro de la cotización el valor de la calibración del instrumento por laboratorio acreditado en 17025",2,False,2025-12-04T15:31:34+03:00
saludo_con_solicitud,buena noche,"buena noche, que pena la hora, favor cotizar gracias. KIT SOLAR LUMINARIA 120W PROYECTO DEWATERING",2,False,2025-11-14T04:06:03+03:00
saludo_con_solicitud,buena tarde,"Buena tarde espero estés bien! requiero por favor cotización formal para este producto asi como disponibilidad y si incluye flete hasta Tuluá Valle, gracias",2,False,2025-08-12T23:01:03+03:00
saludo_con_solicitud,buenas tardes,"Buenas tardes don Miguel, soy Estefania. disculpame. teniamos un error en los mensajes. aun esta interesado en la compra de la ponchadora",2,False,2025-08-15T05:06:19+03:00
saludo_con_solicitud,buenas tardes,"Buenas tardes el deshidratador de alimentos LEM Products modelo 1153** es una unidad de alto rendimiento con **10 bandejas cuadradas de 15 x 15 pulgadas**, ideal para preparar snacks saludables, conservar frutas, vegetales, carnes y más. ### Características destacadas: - **Potencia de 800 vatios** con termostato ajustable de 35 °C a 68 °C. - **Temporizador digital** con apagado automático (hasta 30 horas y 55 minutos). - **Puerta transparente** que atrapa el calor y permite ver el proceso. - **Bandeja de goteo grande** para facilitar la limpieza. - **Carcasa de plástico de grado alimenticio** con esquinas reforzadas en aluminio. - **Cable de 60 pulgadas** de largo. - Peso aproximado: 11.7 kg (25.8 lb). Sí, **incluye las 10 bandejas** y está listo para usarse apenas lo recibes",2,False,2025-06-26T22:53:46+03:00
saludo_con_solicitud,buenas tardes,BUenas tardes Estroy a la espera de la ficha tecnica,2,False,2025-06-24T23:41:43+03:00
saludo_con_solicitud,buenas tardes,"Buenas tardes, por el momento solo tenemos el ofertado",2,False,2025-07-03T21:41:47+03:00
saludo_con_solicitud,buenas tardes,"Buenas tardes, tenemos por importacion de 15 dias la siguiente referencia https://www.viaindustrial.com/cotizacion.asp?CotCliente=1256813&token=471305&p=P381758 valida y me confirmas",2,False,2025-11-19T22:28:43+03:00
saludo_con_solicitud,buenos dias,"Buenos dias don Hermes, cuentame si aun estan interesados en la Bomba de vacio, sterlitech",2,False,2025-12-02T18:09:22+03:00
saludo_con_solicitud,buenos dias,"Buenos dias Sra Mayra, te estaba llamando. enviame por favor el RUT y confirmame cual de las referencias van a comprar",2,False,2026-02-20T19:37:58+03:00
saludo_con_solicitud,buenos dias,"Buenos dias Sra Sandra, te estaba llamando para validar para cuando tienen programada la compra de la maquina de hielo para irla separando",2,False,2025-10-24T18:07:41+03:00
saludo_con_solicitud,buenos dias,"buenos dias, en que le puedo colaborar",2,False,2025-06-16T18:47:27+03:00
saludo_con_solicitud,buenos dias,"Buenos dias, ref MI-2088--50 metrel se encuentra DESCONTINUADA no es posible cotizarlo",2,False,2025-07-12T15:32:38+03:00
saludo_con_solicitud,buenos dias,Buenos días me colaboran por favor respondiendo si el equipo detector de metales de mesa industrial para alimentos DETECTION Wizard-donsoar requiere de patrones,2,False,2025-11-27T15:21:07+03:00
saludo_con_solicitud,buenos dias,Buenos días se actualiza propuesta con equipo solicitado,2,False,2025-10-22T18:56:03+03:00
saludo_con_solicitud,cordial saludo,Cordial saludo Le habla Juan Manuel de víaindustrial.com en qué podemos servirles,2,False,2025-03-27T05:57:46+03:00
saludo_con_solicitud,cordial saludo,"Cordial saludo, agradezco el envío el día de mañana. Procedo a revisar",2,False,2025-12-03T02:45:32+03:00
saludo_con_solicitud,hola,"Hola , finales del mes de febrero o principios de marzo",2,False,2026-02-05T18:27:18+03:00
saludo_con_solicitud,hola,Hola buen día Santiago. Cuéntame cómo te fue con la cotización,2,False,2025-09-26T17:48:36+03:00
saludo_con_solicitud,hola,"Hola buen día, carecemos de lo indicado en su mensaje, esperamos poder servir en una próxima ocasión… atentos a sus comentarios y siempre para servirte Esperamos servir en una próxima oportunidad Ingresa a este enlace y Optimiza tu eficiencia en nuestro buscador y ¡Potencia tu industria hoy! https://viaindustrial.bitrix24.es/~9m4hS",2,False,2025-08-29T03:19:21+03:00
saludo_con_solicitud,hola,"Hola buen día, cómo estás",2,False,2025-07-03T16:16:35+03:00
saludo_con_solicitud,hola,"hola buen día, el termómetro ofertado no incluye termocuplas, estas se compran por aparte según la que requieran K, J, E, T, R, S, N y B",2,False,2025-08-19T18:07:09+03:00
saludo_con_solicitud,hola,"hola buen día, el termómetro ofertado no incluye termocuplas, estas se compran por aparte según la que requieran K, J, E, T, R, S, N y B === SYSTEM WZ === No puedes iniciar una correspondencia de 24 horas con este cliente usando la plantilla """"Marketing"""": eso es lo que decidió Meta. Envíe una plantilla de una categoría diferente",2,False,2025-08-19T18:07:20+03:00
saludo_con_solicitud,hola,"hola buen día, en que podemos servir",2,False,2025-10-08T23:17:04+03:00
saludo_con_solicitud,hola,"Hola buen día, lamento la demora teníamos un error en el sistema de mensajes. Si cuenta con 1 año de garantía con nosotros y todo el soporte técnico. Lo tengo para entrega de 15-20 días bajo pedido. Te sirve este tiempo de entrega",2,False,2025-08-14T21:56:46+03:00
saludo_con_solicitud,hola,"Hola buen día, lamento la demora teníamos un error en el sistema de mensajes. Si cuenta con 1 año de garantía con nosotros y todo el soporte técnico. Lo tengo para entrega de 15-20 días bajo pedido. Te sirve este tiempo de entrega? === SYSTEM WZ === No puedes iniciar una correspondencia de 24 horas con este cliente usando la plantilla """"Marketing"""": eso es lo que decidió Meta. Envíe una plantilla de una categoría diferente",2,False,2025-08-14T21:56:51+03:00
saludo_con_solicitud,hola,"Hola buen día, lamento la demora. Te envio el link con la información técnica del Interruptor. Te genero la proforma? para que aproveches el DESCUENTO https://www.viaindustrial.com/interruptor-horario-analogico-orbis-alpha-alpha-orbis/pp/P224007/",2,False,2025-11-29T18:58:30+03:00
saludo_con_solicitud,hola,"hola buen día, si son dos referencias 6.4 metros y otr ad e9 metros",2,False,2025-06-12T15:45:35+03:00
saludo_con_solicitud,hola,Hola buenas tardes me regalas precio por favor de probador automotriz que muestre el voltaje,2,False,2025-10-16T21:08:53+03:00
saludo_con_solicitud,hola,"Hola buenas tardes, espero se encuentre muy bien. paso para validar si ya el cliente les aprobo la compra del caudalimetro",2,False,2025-10-07T23:30:23+03:00
saludo_con_solicitud,hola,"Hola buenas tardes, soy Estefania. Lamento la demora. En la cotización tienes 200 paquetes de 100 boquillas cada uno, es decir 20.000 boquillas, por eso el valor final. Cuantos paquetes necesitas",2,False,2026-01-16T21:49:15+03:00
saludo_con_solicitud,hola,"Hola buenos dias, cuentame con que caracteristicas lo estan solicitando y si te dieron una marca",2,False,2025-12-04T18:07:57+03:00
saludo_con_solicitud,hola,"Hola buenos dias, te actualice la cotizacion con la referencia disponible https://www.viaindustrial.com/cotizacion.asp?CotCliente=1278608&token=479478&p=P251082",2,False,2026-03-06T18:49:53+03:00
saludo_con_solicitud,hola,"Hola buenos días, te envio el link con la información del extractor. Te genero la proforma",2,False,2026-01-21T16:32:31+03:00
saludo_con_solicitud,hola,"hola carezco de ello, sino cong usto",2,False,2025-06-20T07:04:07+03:00
saludo_con_solicitud,hola,"hola Detection Wizard-Donsoar, no necesita patrones de producto para funcionar, pero sí requiere configuración y calibración para cada tipo de alimento que se va a inspeccionar",2,False,2025-11-27T15:29:05+03:00
saludo_con_solicitud,hola,"Hola don Bernardo, claro que si. El envio sería a la misma dirección del ultimo pedido",2,False,2025-07-24T22:03:03+03:00
saludo_con_solicitud,hola,"Hola don Hermes buenos dias, Cuenta con 1 año de garantía por defecto de fabrica, también te brindamos soporte, mantenimiento y capacitación en caso de requerirla, la cual no tiene costo adicional",2,False,2025-10-29T17:16:41+03:00
saludo_con_solicitud,hola,Hola don Jhon muy buenos dias === SYSTEM WZ === La plantilla de marketing no se puede enviar a este cliente en este momento debido a la limitación de mensajes de marketing. Inténtelo de nuevo más tarde o envíe una plantilla de otra categoría,2,False,2026-01-29T18:18:41+03:00
saludo_con_solicitud,hola,"Hola don John buenos dias, te actualice con el valor del envio. cuentame para cuando tienen programado realizar la compra",2,False,2025-09-24T20:07:47+03:00
saludo_con_solicitud,hola,Hola don Jose muy buenos dias,2,False,2025-12-09T16:32:14+03:00
saludo_con_solicitud,hola,"Hola doña Diana, ya te voy a enviar la cotización con los datos indicados",2,False,2025-07-17T00:30:24+03:00
saludo_con_solicitud,hola,"Hola Erika buenos dias, te estaba llamando. cuantas pertigas necesitas",2,False,2025-10-22T19:35:54+03:00
saludo_con_solicitud,hola,"Hola Jully, soy Estefania Gonzalez. cuentame ya te aprobaron la compra",2,False,2025-11-13T19:04:44+03:00
saludo_con_solicitud,hola,"Hola Lisset, como estas? cuéntame cómo te termino de ir con la cotización y el DESCUENTO. Te genero la proforma",2,False,2025-10-14T20:01:25+03:00
saludo_con_solicitud,hola,"Hola muy buenos dias, un favor cuando envien la oc me indicas desde que correo llega por favor",2,False,2025-07-25T15:36:23+03:00
saludo_con_solicitud,hola,"hola no es imposible en menor tiempo y menso pro la temperada, con honestidad debes contemplar el tiempo, asi humanamente intentemos traerlo en menor tiempo",2,False,2025-12-17T23:33:14+03:00
saludo_con_solicitud,hola,hola revise y me corrigieron peso aproximado de 216 libras (unos 98.0 kg),2,False,2025-06-21T02:42:07+03:00
saludo_con_solicitud,hola,"Hola soy Estefania, Cuéntame cómo te fue con la cotización",2,False,2026-03-10T18:12:23+03:00
saludo_con_solicitud,hola,hola ya te la envie al correo,2,False,2025-09-16T20:06:35+03:00
saludo_con_solicitud,hola,Hola ya van a ser las 12 por favor ayúdame con eso es prioritario tener eso aquí el martes si no ya no podríamos comprarles,2,False,2025-06-20T20:30:19+03:00
saludo_con_solicitud,hola,"Hola Yandis buenas tardes, espero estes muy bien. paos para validar para cuando tienen programado la compra de los equipos",2,False,2025-10-03T22:19:23+03:00
saludo_con_solicitud,hola,"Hola Yisell, lamento la demora. Te puedo sostener el precio y el DESCUENTO. Para cuando tienes proyectada la compra",2,False,2026-02-05T18:26:03+03:00
saludo_con_solicitud,hola,"Hola, buena tarde, Espero se encuentren muy bien, mucho gusto hablan con Brayan Mendoza de ILS SAS, el motivo del presente es para solicitarles amablemente cotización del siguiente producto: - Manómetro De 2.000 Psig Especificaciones Técnicas: Racor 1/2 pulgada Diámetro del instrumento 2-1/2 pulgada Paso rosca 18 hilos Exactitud requerida: 0.25% F.S Con certificado de calibración por favor. Disponibilidad Tiempo de Entrega en Bogotá D.C. La cotización puede ser enviada por este medio o al siguiente correo: comercial02@ilssas.com.co y Ficha Técnica por favor. Les agradezco su colaboración, quedo atento a una pronta respuesta",2,False,2025-07-18T23:53:11+03:00
saludo_con_solicitud,hola,"Hola, disculpe, tengo un error en el precio, corrigiendo",2,False,2025-09-16T18:32:14+03:00
saludo_con_solicitud,hola,"Hola, gracias por tu mensaje. En este momento no estamos disponibles, pero responderemos cuando volvamos",2,False,2025-09-15T15:21:31+03:00
saludo_con_solicitud,hola,"Hola, no hay novedad hasta el momento",2,False,2025-11-14T22:54:05+03:00
saludo_con_solicitud,hola,"Hola, quedo atenta del contacto de dn Alvaro",2,False,2026-02-26T00:19:00+03:00
saludo_con_solicitud,hola,"Hola, si claro, te esperamos, lleva esta oferta para facturar",2,False,2025-06-12T23:27:30+03:00
saludo_con_solicitud,hola,"hola, si es el mas pequeño que manejo",2,False,2025-07-30T19:26:36+03:00
saludo_con_solicitud,hola,"hola, somos de Colombia para Perú... saldría de mi país al tuyo gracias y atentos",2,False,2025-09-27T21:34:20+03:00
saludo_con_solicitud,hola,"Hola, soy Estefania, si realizamos envios a peru, en la cotizacion encuentras el valor del envio",2,False,2025-11-13T19:35:28+03:00
saludo_con_solicitud,hola,Hola... ya te realizo la transferencia,2,False,2026-03-11T15:49:24+03:00
saludo_con_solicitud,buen dia,buen dia 40 arrobas de café pergamino seco Capacidad kg por día en las tres mallas 500 kg de café pergamino seco Capacidad volumétrica por día en las tres mallas,1,False,2025-06-28T21:27:18+03:00
saludo_con_solicitud,buen dia,"Buen dia accesorios para un medidor d eagua NO distribuimos, cuando se vende el medidor, el viene con sus respectivos acoples para la instalacion a la tuberia",1,False,2026-03-04T19:27:13+03:00
saludo_con_solicitud,buen dia,buen dia como estas un favor herramienta 983-300 de Jensen Tools bomba desoldadora manual,1,False,2026-01-23T16:57:36+03:00
saludo_con_solicitud,buen dia,buen dia cual seria el precio final para realizar compra,1,False,2025-09-29T20:06:47+03:00
saludo_con_solicitud,buen dia,"Buen dia don Felix, deseando que se encuentre bien. Sigo a la espera de una dirección fisica para la radicación de las facturas electronicas, es de suma importancia, podria ayudarme por favor",1,False,2025-12-01T16:51:13+03:00
saludo_con_solicitud,buen dia,"Buen dia don Jerson, esperando que se encuentre bien Estoy al pendiente de una dirección fisica para la radicación de la factura electrónica del primer equipo que adquirio con nosotros, es de suma importancia que me pueda ayudar, por favor",1,False,2025-12-01T16:54:19+03:00
saludo_con_solicitud,buen dia,Buen dia ese ex el precio 22 millones,1,False,2025-09-01T17:03:00+03:00
saludo_con_solicitud,buen dia,"Buen dia gracias, no me han enviado el video del equipo trabajando",1,False,2025-07-31T19:58:30+03:00
saludo_con_solicitud,buen dia,Buen dia https://meet.google.com/akd-qdca-spc,1,False,2025-07-22T18:10:20+03:00
saludo_con_solicitud,buen dia,Buen dia https://www.viaindustrial.com/cotizacion.asp?CotCliente=1232963&token=462361&p=P251811,1,False,2025-08-16T07:34:22+03:00
saludo_con_solicitud,buen dia,"buen dia la importacion lo mas rapido que se trae es en 20 dias habiels, con ABONO fdel 70% para iniciar la importacion",1,False,2025-11-25T18:54:28+03:00
saludo_con_solicitud,buen dia,buen dia oferta: https://www.viaindustrial.com/cotizacion.asp?CotCliente=1230150&token=461306&p=P185801,1,False,2025-08-05T19:00:33+03:00
saludo_con_solicitud,buen dia,buen dia quisiera saber si manejan estas bandejas,1,False,2025-09-09T16:31:40+03:00
saludo_con_solicitud,buen dia,"Buen dia señor Nicolas, agradeceria un poco de información respecto a la compra",1,False,2026-02-26T18:27:59+03:00
saludo_con_solicitud,buen dia,"Buen dia Sr. Rafael, he intentado comunicarme. Puede darme alguna información sobre la compra",1,False,2025-10-30T18:19:07+03:00
saludo_con_solicitud,buen dia,"Buen dia sra Emilse, el equipo llega el dia de mañana, pero me registra un saldo pendiente, me confirma que retenciones aplicaron, por favor}",1,False,2025-12-11T16:20:59+03:00
saludo_con_solicitud,buen dia,buen dia tengo MRI-3100 seria ofertarte este https://www.viaindustrial.com/cotizacion.asp?CotCliente=1259407&token=472278&p=P243965,1,False,2025-12-01T17:03:27+03:00
saludo_con_solicitud,buen dia,buen dia tienes sensor de temperatura para embobinados de motores electricos tipo pt100 de tres hilos,1,False,2025-12-04T15:16:43+03:00
saludo_con_solicitud,buen dia,buen dia y que cantidad tiene cada unidad? es un galon,1,False,2025-11-25T22:43:57+03:00
saludo_con_solicitud,buen dia,"buen dia, a su correo se le acaba de envia en PDF la cotizacion",1,False,2025-08-14T23:13:41+03:00
saludo_con_solicitud,buen dia,"Buen dia, adjunto link para la reunión a las 10 am",1,False,2025-07-22T17:51:33+03:00
saludo_con_solicitud,buen dia,"Buen dia, como estas? Estoy al pendiente de continuar con la compra, no he recibido mas información",1,False,2025-11-14T18:53:22+03:00
saludo_con_solicitud,buen dia,"Buen dia, como estas? Estoy al pendiente de continuar con la compra, no he recibido mas información === SYSTEM WZ === La plantilla de marketing no se puede enviar a este cliente en este momento debido a la limitación de mensajes de marketing. Inténtelo de nuevo más tarde o envíe una plantilla de otra categoría",1,False,2025-11-14T18:53:27+03:00
saludo_con_solicitud,buen dia,"Buen dia, como estas? has sabido algo",1,False,2025-11-06T18:48:18+03:00
saludo_con_solicitud,buen dia,"Buen dia, como estas? has sabido algo? >> >> buen dia",1,False,2025-11-06T18:48:53+03:00
saludo_con_solicitud,buen dia,"Buen dia, como se encuentra? Paso a consultar como va el proceso de pago",1,False,2025-10-15T19:25:18+03:00
saludo_con_solicitud,buen dia,"Buen dia, de 15KV no lo distribuimos",1,False,2025-12-15T21:38:32+03:00
saludo_con_solicitud,buen dia,"buen dia, de que capacidad necesita para la trituradora",1,False,2025-07-25T23:03:35+03:00
saludo_con_solicitud,buen dia,"buen dia, el accesorio mpara el Termohigrómetro testo 175-h1, NO se vende solo, se vende el equipo completo",1,False,2025-09-25T14:33:42+03:00
saludo_con_solicitud,buen dia,"Buen dia, el diferencial cotizado es de referenciqa HSZ-3 hsz y tiene un año de garantia",1,False,2025-12-11T16:30:01+03:00
saludo_con_solicitud,buen dia,"buen dia, el equipo tiene garantia de un año directamente con nosotros",1,False,2025-08-13T15:31:41+03:00
saludo_con_solicitud,buen dia,"buen dia, el equipo viene sin ninguna clase de certiifcado",1,False,2025-09-16T23:04:04+03:00
saludo_con_solicitud,buen dia,"buen dia, el sellador que solicita es de importacion, demora de 8 a 10 dias habiles, con abono del 70% para iniciar la importacion",1,False,2025-11-27T17:54:15+03:00
saludo_con_solicitud,buen dia,"buen dia, en el momento, solo es importacion",1,False,2025-10-15T18:28:32+03:00
saludo_con_solicitud,buen dia,"Buen dia, en la cotizacion enviada esta incluido el valor del flete ($ 26.000)",1,False,2025-08-08T18:05:45+03:00
saludo_con_solicitud,buen dia,"buen dia, en que l epuedo ayudar",1,False,2025-09-19T00:22:08+03:00
saludo_con_solicitud,buen dia,"Buen dia, esa es la mas economica que distribuimos",1,False,2025-09-30T22:03:32+03:00
saludo_con_solicitud,buen dia,"Buen dia, ese es el mas economico que distribuimos",1,False,2025-06-11T19:31:41+03:00
saludo_con_solicitud,buen dia,"buen dia, esta clase de elemnto no lo distribuimos",1,False,2025-09-06T01:34:17+03:00
saludo_con_solicitud,buen dia,"buen dia, esta clase de repuesto no lop distribuimos",1,False,2025-10-02T20:44:12+03:00
saludo_con_solicitud,buen dia,"buen dia, estamos ubicados en Bogota, Cale 76 No. 20b-24 oficina 207",1,False,2025-12-12T19:14:25+03:00
saludo_con_solicitud,buen dia,"buen dia, estamos ubicados olamnete den Bogota, Colombia, y desde aca hacemos despachos a cualquier parte del pais y fuera de Colombia",1,False,2025-08-14T17:06:24+03:00
saludo_con_solicitud,buen dia,"BUEN DIA, estos bloques de dsitribucion, se pueden entregar hasta despues del 18 de enero, la razon es porque el area de logistica ya salio a vacacionesa y vuielven hasta el 18 de enero",1,False,2025-12-22T18:39:23+03:00
saludo_con_solicitud,buen dia,"buen dia, estoy a la espera de que me firmen el formato para poder enviarselo, apenas lo tenga con gusto s elo estare remitiendo",1,False,2025-06-20T15:41:00+03:00
saludo_con_solicitud,buen dia,"Buen dia, estoy al pendiente por si necesitas algo",1,False,2025-10-14T19:56:56+03:00
saludo_con_solicitud,buen dia,"buen dia, estuve revisando y esta clase de accesorio no lo distribuimos",1,False,2025-08-01T15:29:38+03:00
saludo_con_solicitud,buen dia,"buen dia, estuve revisando y esta clase de rele con caracteristicas iguales o similares al que requiere NO lo distribuimos",1,False,2025-11-06T22:16:03+03:00
saludo_con_solicitud,buen dia,"Buen dia, estuve revisando y los demas elementso con las caracteristicas quew requiere NO los distribuimos",1,False,2026-03-04T21:53:48+03:00
saludo_con_solicitud,buen dia,"Buen dia, han sabido algo respecto a la compra",1,False,2025-11-04T19:45:38+03:00
saludo_con_solicitud,buen dia,"Buen dia, han sabido algo respecto a la compra? === SYSTEM WZ === La plantilla de marketing no se puede enviar a este cliente en este momento debido a la limitación de mensajes de marketing. Inténtelo de nuevo más tarde o envíe una plantilla de otra categoría",1,False,2025-11-04T19:45:43+03:00
saludo_con_solicitud,buen dia,"Buen dia, hay algun numero donde me pueda comunicar",1,False,2025-11-07T18:32:18+03:00
saludo_con_solicitud,buen dia,"Buen dia, he intentado comunicarme y ha sido algo dificil. Sabes algo de la autorización o si puedo hacer algo para este proceso",1,False,2025-10-10T20:15:33+03:00
saludo_con_solicitud,buen dia,"Buen dia, he intentado comunicarme y no ha sido posible",1,False,2025-10-28T17:21:07+03:00
saludo_con_solicitud,buen dia,"buen dia, la balanza viene con certificado OIML",1,False,2025-08-22T17:21:21+03:00
saludo_con_solicitud,buen dia,"buen dia, la base que se le cotizo ES MAGNETICA",1,False,2025-08-20T17:58:56+03:00
saludo_con_solicitud,buen dia,"Buen dia, la certificación se la envie el dia de ayer y el mensaje rebotó, me confirma el recibimiento por fa",1,False,2025-12-02T18:51:10+03:00
saludo_con_solicitud,buen dia,"Buen dia, la cotizacion ultima que se le envio esta con descuento",1,False,2025-11-10T18:22:24+03:00
saludo_con_solicitud,buen dia,"Buen dia, la factura fue enviada Romoraa@primax.com, te comparto el PDF en este medio",1,False,2026-03-04T18:39:07+03:00
saludo_con_solicitud,buen dia,"buen dia, la garantia de la sonda es de UN AÑO directamemte con nosotros",1,False,2025-08-01T22:58:20+03:00
saludo_con_solicitud,buen dia,"buen dia, la importacion demora 10 dia shabiles, con abono del 70% para iniciar la importacion",1,False,2025-10-16T15:23:36+03:00
saludo_con_solicitud,buen dia,"buen dia, la importacion demora 10 dias habiles apartir delabono del 70 %",1,False,2025-07-09T19:11:11+03:00
saludo_con_solicitud,buen dia,"BUEN DIA, la importacion demora 20 dias habiles, con abono del 70% ´para iniciar la importacion",1,False,2025-11-27T23:25:45+03:00
saludo_con_solicitud,buen dia,"buen dia, la presente e spara comunicarle que la referencia DSX8000, ESTA DESCONTINUADA",1,False,2026-01-05T15:49:57+03:00
saludo_con_solicitud,buen dia,"buen dia, la presente es para informarle que nosotros no realizamos instalacion de ningun equipo",1,False,2025-09-24T15:32:36+03:00
saludo_con_solicitud,buen dia,"buen dia, la primera compra es de CONTADO, y despues se les puede enviar el FORMATO PARA CREDITO, diligencian el formato y dentro de 8 dias les dan reapuesta",1,False,2025-03-21T23:47:06+03:00
saludo_con_solicitud,buen dia,"Buen dia, le consulto, en que va el proceso de la compra?}",1,False,2025-10-31T19:41:00+03:00
saludo_con_solicitud,buen dia,"buen dia, le informo que el equipo se vende es completo accesorios no",1,False,2025-09-29T17:28:24+03:00
saludo_con_solicitud,buen dia,"Buen dia, le presente es para informarle que la importacion demora de 15 a 20 dia shabiles, con abono del 70% para iniciar la importacion",1,False,2025-11-11T19:44:19+03:00
saludo_con_solicitud,buen dia,"Buen dia, los elementos que necesita cotizar NO los distribuimos",1,False,2025-06-26T22:28:59+03:00
saludo_con_solicitud,buen dia,"Buen dia, me confirmas el correo de facturación, por favor",1,False,2026-01-14T16:05:39+03:00
saludo_con_solicitud,buen dia,"Buen dia, no he tenido razones de la compra, con quien me puedo comunicar",1,False,2025-11-20T19:25:36+03:00
saludo_con_solicitud,buen dia,"buen dia, nosotros realizamos envios a cualquier parte del pais, o fuera del pais, el equipo que solicita la importacion",1,False,2025-10-22T18:06:03+03:00
saludo_con_solicitud,buen dia,"buen dia, para ese dia nos es dificil cumplirle",1,False,2025-09-15T22:02:59+03:00
saludo_con_solicitud,buen dia,"buen dia, por favor eliminar mi numero de celular ya que no soy yo quiene sta pidiendo esas cotizaciones",1,False,2025-05-27T18:13:34+03:00
saludo_con_solicitud,buen dia,"Buen dia, por favor me ayudan con estos documentos para poder crearlos como proveedores",1,False,2025-06-18T18:21:06+03:00
saludo_con_solicitud,buen dia,"buen dia, por favor me indica que referencia es el equipo FILL RITE que desae cotizar",1,False,2026-03-05T01:11:11+03:00
saludo_con_solicitud,buen dia,"Buen dia, por favor revisa que ya le envie la cotizacion",1,False,2026-02-27T15:50:55+03:00
saludo_con_solicitud,buen dia,"Buen dia, Por favor, me confirmas si desean continuar con la compra del Interruptor de vibración o si procedemos a liberarlo en bodega",1,False,2025-11-24T19:19:18+03:00
saludo_con_solicitud,buen dia,"Buen dia, Por favor, me confirmas si desean continuar con la compra del Interruptor de vibración o si procedemos a liberarlo en bodega. === SYSTEM WZ === La plantilla de marketing no se puede enviar a este cliente en este momento debido a la limitación de mensajes de marketing. Inténtelo de nuevo más tarde o envíe una plantilla de otra categoría",1,False,2025-11-24T19:19:23+03:00
saludo_con_solicitud,buen dia,"Buen dia, que equipo esta buscando en esa marca",1,False,2025-08-06T22:25:52+03:00
saludo_con_solicitud,buen dia,"Buen dia, quisiera saber si el extractor de baños tiene sensor de movimiento",1,False,2025-07-21T18:44:14+03:00
saludo_con_solicitud,buen dia,"Buen dia, recuerdea que sigo pendiente a ustedes y poder ayudarlos en su proceso de compra. Ha sabido algo de la autorización",1,False,2025-10-02T18:25:22+03:00
saludo_con_solicitud,buen dia,"Buen dia, sabes algo de la autorización",1,False,2025-10-23T19:37:01+03:00
saludo_con_solicitud,buen dia,"Buen dia, segun conversacion, ya le envio cotizacion actulizada",1,False,2025-10-06T17:21:58+03:00
saludo_con_solicitud,buen dia,"buen dia, señor AMBRI HURTADO, le estoy marcando a su celular",1,False,2025-07-25T16:18:23+03:00
saludo_con_solicitud,buen dia,"buen dia, señor ANDRES ,a escalera tiene un peso de 50 kilos",1,False,2025-10-25T00:22:17+03:00
saludo_con_solicitud,buen dia,"Buen dia, señor JESUS ANTONIO, me indican que el contactor se puedeentregar el dia de mañana, apratir del pago",1,False,2025-11-06T19:16:49+03:00
saludo_con_solicitud,buen dia,"buen dia, señor JOSE, la lampara cotizada es la unica QUE DISTRIBUIMOS, si desea alguno de mejores caracteristicas, necesito marca y referencia para poder cotizarle",1,False,2025-10-23T20:52:31+03:00
saludo_con_solicitud,buen dia,"buen dia, señor JUAN, me confirmaron y el equipo si teien ese valor que se le envia en la cotizacion",1,False,2025-10-30T22:04:08+03:00
saludo_con_solicitud,buen dia,"Buen dia, señor JUAN, me indican que la maquina de hielo, es para importacion, demora 15 dias habiles a partir del abono del 70%",1,False,2025-11-06T19:34:35+03:00
saludo_con_solicitud,buen dia,"buen dia, señor Pablo me puede enviar por favor el RUT",1,False,2025-09-24T18:19:54+03:00
saludo_con_solicitud,buen dia,"buen dia, señorita Alejandra, estoy marcandole a su celular para poder hablar directamente con usted, pero timbra y se va buzon",1,False,2025-08-05T19:53:05+03:00
saludo_con_solicitud,buen dia,"buen dia, señorita Constanza, le informo que nosotros no realizamops INSTALCION de ningun equipo, solo damos capacitacion de uso de los equipos,, la garantia de un año, mantenimenito preventivo",1,False,2025-10-17T18:34:34+03:00
saludo_con_solicitud,buen dia,"buen dia, señorita GREYS GUERRERO, le estoy marcando a su celular, pero no responden",1,False,2025-07-02T21:23:12+03:00
saludo_con_solicitud,buen dia,"buen dia, señorita KATHERYN, en que le puedo colabortar",1,False,2026-02-27T16:44:02+03:00
saludo_con_solicitud,buen dia,"buen dia, señorita MERY, en que le puedo colaborar",1,False,2025-11-06T23:40:48+03:00
saludo_con_solicitud,buen dia,"Buen dia, si sr. Tienes información",1,False,2025-06-20T18:27:00+03:00
saludo_con_solicitud,buen dia,"Buen dia, sigue interesado en la compra de los dispositivos de muestreo",1,False,2025-11-11T19:14:34+03:00
saludo_con_solicitud,buen dia,"buen dia, solamente distribuimos el conector5 HE3MBRA",1,False,2025-12-12T21:55:51+03:00
saludo_con_solicitud,buen dia,"buen dia, solamente distribuimos el conector5 HE3MBRA Dale esta bien. Necesitaba el macho. Muchas gracias",1,False,2025-12-12T22:02:10+03:00
saludo_con_solicitud,buen dia,"BUEN DIA, solamnete distribuimos de 91.44 cm X 30.48 cm",1,False,2025-12-05T15:44:04+03:00
saludo_con_solicitud,buen dia,"buen dia, solo distribuimos el 710",1,False,2025-12-04T19:13:07+03:00
saludo_con_solicitud,buen dia,"buen dia, soy Martin Aguilera, en que le puedo colaborar",1,False,2024-07-29T17:55:15+03:00
saludo_con_solicitud,buen dia,"Buen dia, te estaba contestando el chat bot",1,False,2025-12-22T18:13:58+03:00
saludo_con_solicitud,buen dia,"Buen dia, tiempo de entrega del equipo",1,False,2025-11-24T17:03:09+03:00
saludo_con_solicitud,buen dia,"Buen dia, tienes alguna información de como va el proceso de creción",1,False,2025-10-27T18:33:44+03:00
saludo_con_solicitud,buen dia,"buen dia, todos nuestros equipos tienen GARANTIA DE UN AÑO directamente con nosotros",1,False,2025-07-21T18:23:20+03:00
saludo_con_solicitud,buen dia,"Buen dia, ya la tiene el proeso de compras para la validación",1,False,2025-11-24T18:56:12+03:00
saludo_con_solicitud,buen dia,"Buen dia, ya le acabe de enviar la cotizacion de la b ascula",1,False,2025-09-23T21:01:46+03:00
saludo_con_solicitud,buen dia,"buen dia, ya le actualice la cotizacion con el codigo que solicita",1,False,2025-12-10T15:26:34+03:00
saludo_con_solicitud,buen dia,"buen dia, ya le confirmo, el tiempo de entrega",1,False,2025-10-16T00:31:41+03:00
saludo_con_solicitud,buen dia,"buen dia, ya pregunto al area de logistica y ya le confirmo",1,False,2025-09-19T00:37:06+03:00
saludo_con_solicitud,buen dia,"buen dia,, esta clase de respouesto NO LO DISTRIBUIMOS",1,False,2025-11-07T20:59:10+03:00
saludo_con_solicitud,buen dias,"Buen dias, como estas ?Gracias por comunicarte con Pijal. ¿Cómo podemos ayudarte",1,False,2025-06-26T00:25:31+03:00
saludo_con_solicitud,buen dia,"buen dìa, 3 a 5 dìas entrega, salvo previa venta",1,False,2025-10-30T00:02:28+03:00
saludo_con_solicitud,buen dia,"buen dìa, a las 10 am",1,False,2025-06-03T16:32:28+03:00
saludo_con_solicitud,buen dia,"buen dìa, enviame la info y te proceso tu compra",1,False,2025-06-10T16:06:39+03:00
saludo_con_solicitud,buen dia,"buen dìa, https://www.viaindustrial.com/cotizacion.asp?CotCliente=1229224&token=460959&p=P210926",1,False,2025-08-01T03:51:22+03:00
saludo_con_solicitud,buen dia,"buen dìa, Oferta: https://www.viaindustrial.com/cotizacion.asp?CotCliente=1227136&token=460176&p=P253259",1,False,2025-07-25T03:07:31+03:00
saludo_con_solicitud,buen dia,"buen dìa, solo manejo el de espesor x q el de punto de rocio no manejo, puedo manejar temepratiura y humedad pero punto de rocio no",1,False,2025-07-04T23:17:25+03:00
saludo_con_solicitud,buen dia,"Buen día , por favor procede a liberar",1,False,2026-02-10T19:36:10+03:00
saludo_con_solicitud,buen dia,Buen día cordial saludo el repuesto lo compré desde el fin de semana pasado está un poco más económico como un 30% por debajo del precio que me dieron ustedes,1,False,2025-05-28T16:01:18+03:00
saludo_con_solicitud,buen dia,Buen día discúlpeme no haber otorgado respuesta. Pero no estuve en la ciudad...y no tenía buena señal en el.municipio donde me encontraba,1,False,2025-07-03T16:43:57+03:00
saludo_con_solicitud,buen dia,buen día es esta https://www.viaindustrial.com/cotizacion.asp?CotCliente=1239597&token=464849&p=P237236 modificada,1,False,2025-09-14T06:03:12+03:00
saludo_con_solicitud,buen dia,"Buen día Estefania, como está? le escribe Anggie de compras csp",1,False,2026-01-08T16:43:34+03:00
saludo_con_solicitud,buen dia,Buen día hacen calibración del equipo,1,False,2025-10-27T17:35:00+03:00
saludo_con_solicitud,buen dia,buen día https://www.viaindustrial.com/cotizacion.asp?CotCliente=1232525&token=462197&p=285966,1,False,2025-08-14T20:51:34+03:00
saludo_con_solicitud,buen dia,"Buen día Mayra Tenemos un saldo pendiente de $272.437 en la OC 37676, me confirmas que retenciones aplicaron, también te dejo el link de la proforma para que revises, por favor. https://www.viaindustrial.com/facturas_f.asp?numero_fac=21256",1,False,2026-01-07T16:54:16+03:00
saludo_con_solicitud,buen dia,Buen día me podrías enviar la oferta a mi número de cédula por favor sin incluir la empresa,1,False,2026-03-04T17:26:46+03:00
saludo_con_solicitud,buen dia,"Buen día me puede enviar la ficha técnica, quedo a la espera",1,False,2025-11-14T16:56:23+03:00
saludo_con_solicitud,buen dia,Buen día muchas gracias!!! Ven o por casualidad Tienen algún equipo dosimétro de ruido por interno que tengan más económico,1,False,2025-01-03T16:55:08+03:00
saludo_con_solicitud,buen dia,Buen día para cotizar un teléfono cat s62,1,False,2026-01-08T18:13:36+03:00
saludo_con_solicitud,buen dia,Buen día Q valor tiene un trípode de cadena para tyberia,1,False,2025-06-16T18:51:10+03:00
saludo_con_solicitud,buen dia,Buen día requiero no el equipo si no solo los cables rojo y negro con sus pinzas pues ya tengo el equipo,1,False,2026-03-13T14:08:41+03:00
saludo_con_solicitud,buen dia,Buen día se presentó oferta a cliente final a la espera de respuesta,1,False,2025-09-12T19:31:41+03:00
saludo_con_solicitud,buen dia,"Buen día señor Juan, ha revisado la proforma",1,False,2026-03-06T17:24:37+03:00
saludo_con_solicitud,buen dia,"Buen día señor Nicolas, el señor Javier me dio su contacto para verificar la compra de un molino electrico",1,False,2026-02-25T17:48:30+03:00
saludo_con_solicitud,buen dia,"Buen día señora Myriam, si enviaron la OC? aun no la he recibido",1,False,2026-03-06T18:30:28+03:00
saludo_con_solicitud,buen dia,"Buen día señora Myriam, tiene alguna información respecto a la compra",1,False,2026-03-04T17:58:20+03:00
saludo_con_solicitud,buen dia,Buen día señores: VIA INDUSTRIAL Se sale del presupuesto se tenia proyectado entre 7 y 10 millones. Gracias,1,False,2025-06-03T23:23:34+03:00
saludo_con_solicitud,buen dia,Buen día si pero quisiera saber si tienen estos otros discos que son complementos para lo que necesito,1,False,2025-12-19T18:10:32+03:00
saludo_con_solicitud,buen dia,Buen día sigo atento a la cotización,1,False,2025-06-28T16:20:30+03:00
saludo_con_solicitud,buen dia,"Buen día tengo un duda con el analizador de elementos, sobre que elementos mide",1,False,2025-06-13T16:31:33+03:00
saludo_con_solicitud,buen dia,"buen día todo el mes de enero y principios de febrero no hay problema, a la hora de facturar nos recuerda para aplicarlo con gusto",1,False,2026-01-14T16:02:29+03:00
saludo_con_solicitud,buen dia,"Buen día tu atención es excelente pero pensé que hoba a las encontrar una máquina que hiciera el trabajo de ésta máquina manual, pero eléctrica, osea sin tanta esfuerzo y, que fuera más o menos accequible. Muchas gracias",1,False,2025-06-16T18:37:39+03:00
saludo_con_solicitud,buen dia,Buen día Tu me puedes hacer el favor de compartirme la ficha técnica de los micrometros,1,False,2025-09-26T16:43:39+03:00
saludo_con_solicitud,buen dia,buen día un año por defecto de fabrica directo con nosotros,1,False,2025-08-07T00:46:08+03:00
saludo_con_solicitud,buen dia,Buen Día Una consulta Cuentan ustedes con equipos de ventilación para trabajos confinados certificados,1,False,2025-09-19T16:06:05+03:00
saludo_con_solicitud,buen dia,Buen día y en material hytrel no la tienen,1,False,2025-07-24T14:11:11+03:00
saludo_con_solicitud,buen dia,"Buen día yo estoy cotizando el monster 2000,, no el 1000, el mil ya lo tengo y lo compre en 5,700,000 con las 2 bobinas con todo",1,False,2025-10-01T14:25:08+03:00
saludo_con_solicitud,buen dia,"Buen día! Con el número de guía #014151854205, puedes rastrear tu envío directamente en la página de Envia",1,False,2025-09-25T19:23:28+03:00
saludo_con_solicitud,buen dia,"buen día, al por mayor m se dan dsto y los precios son estos",1,False,2025-08-20T14:46:13+03:00
saludo_con_solicitud,buen dia,"Buen día, apenas hoy las están revisando",1,False,2025-06-20T18:17:44+03:00
saludo_con_solicitud,buen dia,"Buen día, aún no tomar decisión respecto de la cotización, la misma hace parte del estudio de mercado de un proyecto de inversión el cual debe ser previamente evaluado. Una vez se defina la aprobación de la inversión me comunicaré con Viaindustrial. Agradezco su atención",1,False,2025-06-25T17:04:25+03:00
saludo_con_solicitud,buen dia,"buen día, con gusto https://www.viaindustrial.com/cotizacion.asp?CotCliente=1225927&token=459723&p=P247993",1,False,2025-07-31T03:49:18+03:00
saludo_con_solicitud,buen dia,"buen día, con gusto oferta completada https://www.viaindustrial.com/cotizacion.asp?CotCliente=1231143&token=461679&p=P257925",1,False,2025-08-09T00:38:17+03:00
saludo_con_solicitud,buen dia,"Buen día, Conelec Industrial. Habla Iván ⚡",1,False,2025-08-19T17:04:11+03:00
saludo_con_solicitud,buen dia,"buen día, conforme la Reunión del día de hoy indico",1,False,2025-06-03T20:22:07+03:00
saludo_con_solicitud,buen dia,"buen día, conforme la Reunión del día de hoy indico: 1. El descuento es del 15% el cual seria para que le des a tu cliente y el resto seria para que tu lo tomes y eliges que porcentaje que das a tu cliente y cual tomas tu 2. El costo de flete que se refleja es él envió de Colombia a Costa Rica de dos unidades de equipo. Los impuestos son adicionales y esos los cobra la aduana de tu país si así lo requiere 3. Ninguno mide célula somática, es otro equipo y solo mide exclusivamente esa variable, los demás miden todo lo que indicamos más para la medición de célula somática es un equipo especial para esa medición. Apenas fabrica nos dé, el código e info te ofertamos. Recuerda, no hay uno que mida todos, solo el multiparámetro y aparte el de la célula somática Atentos a cualquier inquietud con gusto",1,False,2025-06-03T20:22:09+03:00
saludo_con_solicitud,buen dia,"Buen día, e gustaria confirmar si la persona que ayer me llamó logró validar",1,False,2025-10-21T22:25:03+03:00
saludo_con_solicitud,buen dia,"Buen día, en la proforma esta su información",1,False,2026-03-10T16:27:14+03:00
saludo_con_solicitud,buen dia,"buen día, en que podemos servir con gusto",1,False,2025-08-14T02:57:20+03:00
saludo_con_solicitud,buen dia,"buen día, en que te podemos servir?'",1,False,2025-09-12T03:42:33+03:00
saludo_con_solicitud,buen dia,"Buen día, es posible que ustedes realicen una visita y inspeccionemos el área",1,False,2025-06-19T15:39:52+03:00
saludo_con_solicitud,buen dia,"buen día, ese es el mas barato que manejo",1,False,2025-08-24T04:06:40+03:00
saludo_con_solicitud,buen dia,"Buen día, estamos esperando de investigación si nos notifican un rubro, porque estamos haciendo calibración de un equipo que demandó más del presupuesto",1,False,2025-05-28T19:40:34+03:00
saludo_con_solicitud,buen dia,"buen día, estaremos atentos a sus inquietudes gracias",1,False,2025-06-19T03:25:39+03:00
saludo_con_solicitud,buen dia,"Buen día, este es el medidor que estoy buscando gracias",1,False,2025-05-28T15:37:28+03:00
saludo_con_solicitud,buen dia,"Buen día, estimada. Hace varios días vengo solicitando la ficha técnica del producto, así como la confirmación de si realizan envíos hasta Lima, Perú. En caso contrario, agradeceré me indiquen las dimensiones y el peso del artículo cotizado, a fin de poder proceder con el pago. Quedo atenta a su pronta respuesta",1,False,2025-11-13T17:10:41+03:00
saludo_con_solicitud,buen dia,"Buen día, estoy buscando el ecografo con sonda micro convexa",1,False,2025-10-21T15:33:10+03:00
saludo_con_solicitud,buen dia,"Buen día, Gracias por comunicarte con Kasalab, cuéntame en qué puedo ayudarte",1,False,2025-06-18T18:19:40+03:00
saludo_con_solicitud,buen dia,"Buen día, Gracias, necesitamos tener un certificado de calibración del equipo, quisiera saber si el fabricante proporciona esta certificación o es necesario mandarlo calibrar",1,False,2025-09-16T18:13:53+03:00
saludo_con_solicitud,buen dia,"Buen día, hablas con Valentina de Titán Soluciones Logísticas. Necesito *Eslinga con ratchet, carga máxima 3000 kg.* para entrega inmediata",1,False,2025-12-01T17:01:48+03:00
saludo_con_solicitud,buen dia,"Buen día, hicieron un pago de $1.383.034",1,False,2026-03-04T15:18:09+03:00
saludo_con_solicitud,buen dia,"buen día, https://www.viaindustrial.com/cotizacion.asp?CotCliente=1218247&token=456843&p=154011",1,False,2025-06-21T03:39:02+03:00
saludo_con_solicitud,buen dia,"buen día, https://www.viaindustrial.com/cotizacion.asp?CotCliente=1219295&token=457236&p=P192580",1,False,2025-06-26T02:48:06+03:00
saludo_con_solicitud,buen dia,"buen día, https://www.viaindustrial.com/cotizacion.asp?CotCliente=1220564&token=457712&p=P245095",1,False,2025-07-02T03:41:34+03:00
saludo_con_solicitud,buen dia,"buen día, https://www.viaindustrial.com/cotizacion.asp?CotCliente=1247356&token=467758&p=P242238",1,False,2025-10-09T23:41:41+03:00
saludo_con_solicitud,buen dia,"buen día, https://www.viaindustrial.com/cotizacion.asp?CotCliente=1247404&token=467776&p=P270516",1,False,2025-10-09T19:30:33+03:00
saludo_con_solicitud,buen dia,"buen día, https://www.viaindustrial.com/cotizacion.asp?CotCliente=1248963&token=468361&p=P243938 oferto de 1/2"""" y 1""""",1,False,2025-10-30T23:22:37+03:00
saludo_con_solicitud,buen dia,"buen día, https://www.viaindustrial.com/peladora-automatica-de-pina-maquina-de-pelar-de-pina-rotativa-con-cuchillo-de-pelado-de-pina-de-acero-inoxidable-nnw-ywq043-yuchengtech/pp/P258856/ te paso la ficha",1,False,2025-08-14T01:41:05+03:00
saludo_con_solicitud,buen dia,"Buen día, Me encuentro interesado en adquirir un PLC Siemens (modelo S7-1200) compatible con un sistema de lectura RFID",1,False,2025-08-08T17:33:07+03:00
saludo_con_solicitud,buen dia,"Buen día, me puedes ayudar con el tariff code y la dirección de retiro del equipo, es para determinar este costo de transporte por fa",1,False,2025-07-04T17:10:17+03:00
saludo_con_solicitud,buen dia,"Buen día, necesitamos un paquete con menor cantidad, puede ser metálico o plástico, la idea es que sea económico y no necesitamos tantas unidades",1,False,2025-06-24T18:38:23+03:00
saludo_con_solicitud,buen dia,"Buen día, por favor me colaboras",1,False,2026-02-06T18:11:55+03:00
saludo_con_solicitud,buen dia,"buen día, por favor me recuerda su correo electronico para enviarle una cotizacion formal",1,False,2024-07-29T19:42:05+03:00
saludo_con_solicitud,buen dia,"Buen día, Que dato me tienes? Me podrías confirmar la garantía",1,False,2025-10-29T17:01:10+03:00
saludo_con_solicitud,buen dia,"Buen día, que pena no había escrito, No podemos adquirir el equipo, por disponibilidad presupuestal. De igual modo, pensamos para el segundo semestre, desde otra propuesta de investigación iniciar la solicitud porque requerimos el equipo",1,False,2025-06-04T18:42:24+03:00
saludo_con_solicitud,buen dia,"Buen día, quedo muy atenta, recuerda que el correo es comercial@viaindustrial.com y la proforma es la 21624, para el envio de la OC",1,False,2026-03-05T19:09:45+03:00
saludo_con_solicitud,buen dia,"Buen día, quiero preguntar relojes Digital es (cronómetro) y que se alimenten por PILA",1,False,2025-06-20T15:33:58+03:00
saludo_con_solicitud,buen dia,"Buen día, quisiera validar si manejas este termometro",1,False,2025-09-29T18:54:17+03:00
saludo_con_solicitud,buen dia,"Buen día, recuerda que a veces te responde el asistente virtual y por ende, realiza estas preguntad",1,False,2026-03-04T19:12:42+03:00
saludo_con_solicitud,buen dia,"Buen día, se debe pagar para poder despachar",1,False,2025-08-01T21:09:10+03:00
saludo_con_solicitud,buen dia,"Buen Día, señorita si lo vamos a solicitar",1,False,2026-03-03T19:07:17+03:00
saludo_con_solicitud,buen dia,"buen día, si señora: https://www.viaindustrial.com/cotizacion.asp?CotCliente=1230645&token=461492&p=P246102",1,False,2025-08-06T23:56:50+03:00
saludo_con_solicitud,buen dia,"Buen día, si, recibimos la información, estamos revisando los costos. Muchas gracias por su pronta atención",1,False,2025-06-24T16:36:50+03:00
saludo_con_solicitud,buen dia,"Buen día, Soy Angela V. tu ejecutiva de cuenta. ¿Recuerdas que te enviamos una oferta? déjame saber si cumple con las características para suplir tu necesidad y si está en tu presupuesto… estoy para servirte === SYSTEM WZ === The client has not installed the app or has linked it to another number",1,False,2025-06-08T03:44:56+03:00
saludo_con_solicitud,buen dia,"Buen día, tengo fecha estimada de entrega para el 29/01",1,False,2026-01-08T17:04:59+03:00
saludo_con_solicitud,buen dia,"Buen día, tiene de pronto un kit Pero más económico",1,False,2025-10-06T18:50:25+03:00
saludo_con_solicitud,buen dia,"Buen día, ya lo evaluamos, no es conveniente el rango de medición. necesitamos un rango más corto",1,False,2025-07-28T20:34:15+03:00
saludo_con_solicitud,buen dia,"Buen día, ¿manejas medidores monofásicos pero testigos",1,False,2026-02-17T17:49:25+03:00
saludo_con_solicitud,buen dia,Buen día. Espero que me puedas enviar la cotización en breve,1,False,2025-07-02T15:57:37+03:00
saludo_con_solicitud,buen dia,Buen día. Recuerda que sigo pendiente al proceso de su compra. ¿Tienen una fecha estimada,1,False,2025-10-06T19:09:59+03:00
saludo_con_solicitud,buen dia,"Buen día. Ruc: 1391932720001 Contabilidad@elitecsas.com bodega@elitecsas.com Dirección: manta, calle 309 y avenida , sector palo Santo. Persona que recibe: Elitec SAS. +593 99 224 7171",1,False,2025-06-30T17:26:07+03:00
saludo_con_solicitud,buen dia,"Buen día. Sí , por favor. Gracias",1,False,2025-01-20T17:04:32+03:00
saludo_con_solicitud,buen dia,Buen día. tengo fecha estimada para el 27-02,1,False,2026-02-25T19:16:14+03:00
saludo_con_solicitud,buena tarde,Buena tarde Estoy esperando hablar con el gerente de la empresa,1,False,2025-07-24T23:29:04+03:00
saludo_con_solicitud,buena tarde,buena tarde mira es la 1244755,1,False,2026-02-23T23:51:54+03:00
saludo_con_solicitud,buena tarde,Buena tarde un favor sobre esta cotización gracias,1,False,2025-11-25T00:37:46+03:00
saludo_con_solicitud,buena tarde,buena tarde y muchas gracias por la infoirmacion,1,False,2025-06-10T23:53:52+03:00
saludo_con_solicitud,buena tarde,"Buena tarde, estamos evaluando la oferta",1,False,2025-07-17T01:13:02+03:00
saludo_con_solicitud,buena tarde,"Buena tarde, mil gracias ya conseguí el producto",1,False,2025-06-17T20:08:40+03:00
saludo_con_solicitud,buena tarde,"Buena tarde, para solicitar una cotización de este equipo",1,False,2025-10-03T23:19:35+03:00
saludo_con_solicitud,buena tarde,Buena tarde. Espero te encuentres bien,1,False,2025-06-27T20:12:15+03:00
saludo_con_solicitud,buena tarde,Buena tarde. Este kit cuestas 22 millones,1,False,2025-09-08T21:31:11+03:00
saludo_con_solicitud,buena tarde,Buena tarde. Ya los grindometros fueron adquiridos. Muchas gracias,1,False,2025-11-07T22:39:09+03:00
saludo_con_solicitud,buena tardes,Buena tardes se actualiza con con trasporte a ecuador quedamos atentos a la confirmación,1,False,2025-09-23T01:22:15+03:00
saludo_con_solicitud,buenas,Buenas De pronto tiene uno de menos sensibilidad? Y para entrega inmediata? O si tiene varios modelos mi hijo pasa a mirarlos El está cerca,1,False,2025-11-05T21:56:21+03:00
saludo_con_solicitud,buenas noches,buenas Noches ya mismo revisamos y reactualizo,1,False,2025-08-12T04:37:21+03:00
saludo_con_solicitud,buenas noches,"Buenas Noches, las fichas técnicas de PACKPLAST y RESINPLAST ya se encuentran en el drive",1,False,2025-10-04T03:00:18+03:00
saludo_con_solicitud,buenas noches,Buenas noches. Las tienes para entrega inmediata,1,False,2026-01-09T04:23:53+03:00
saludo_con_solicitud,buenas noches,"Buenas noches... Mañana reviso y le comento al respecto, gracias",1,False,2025-10-09T02:31:31+03:00
saludo_con_solicitud,buenas,Buenas para cotizar un drone con rtk,1,False,2025-10-01T02:26:22+03:00
saludo_con_solicitud,buenas tarde,BUENAS TARDE ME PUEDEN DAR REPUESTA,1,False,2025-04-10T21:53:17+03:00
saludo_con_solicitud,buenas tarde,BUENAS TARDE ME PUEDEN DECIR CON QUEIN PUEDO COMUNICAR PARA ESTE CASO ES URGENTE,1,False,2025-04-10T23:44:17+03:00
saludo_con_solicitud,buenas tarde,Buenas tarde muchas gracias se demoraron mucho para la cotización y el plazo se venció espero que la vuelvan a solicitar,1,False,2025-11-28T01:41:56+03:00
saludo_con_solicitud,buenas tardes,"buenas tardes , con ustedes puedo cotizar lo adjunto en el cuadro",1,False,2025-06-18T00:55:58+03:00
saludo_con_solicitud,buenas tardes,"Buenas tardes amigo, que pena molestar tanto, pero la verdad estoy necesitando el censor, que noticias me tiene",1,False,2025-10-03T22:32:36+03:00
saludo_con_solicitud,buenas tardes,Buenas tardes Averiguaba la que usted me cotizó es está bien pero estaba mirando la ficha técnica de la que le envié la imagen y me gustó el precio y las especificaciones,1,False,2025-10-06T23:15:40+03:00
saludo_con_solicitud,buenas tardes,Buenas tardes busco esta referencia de torno RK-5T-ASPIRE,1,False,2025-12-23T01:33:20+03:00
saludo_con_solicitud,buenas tardes,"Buenas tardes chicos. Muchas gracias. Solicitamos la proforma para un licitación, Dios primero nos adjudiquen para que la compra sea viable",1,False,2026-02-28T00:51:47+03:00
saludo_con_solicitud,buenas tardes,"Buenas tardes don Alex, cuentame que equipos necesitan",1,False,2025-06-06T01:03:23+03:00
saludo_con_solicitud,buenas tardes,"Buenas tardes don Armando, para realizar la factura proforma por favor me envia el RUT",1,False,2025-11-14T21:49:09+03:00
saludo_con_solicitud,buenas tardes,"Buenas tardes don Carlos, cuenteme con que caracteristicas lo necesitan",1,False,2025-09-23T22:05:18+03:00
saludo_con_solicitud,buenas tardes,"Buenas tardes don David, los equipos cotizados se ajustan al requerimiento que tienen",1,False,2026-01-28T22:16:01+03:00
saludo_con_solicitud,buenas tardes,"Buenas tardes don David, los equipos cotizados se ajustan al requerimiento que tienen ? === SYSTEM WZ === La plantilla de marketing no se puede enviar a este cliente en este momento debido a la limitación de mensajes de marketing. Inténtelo de nuevo más tarde o envíe una plantilla de otra categoría",1,False,2026-01-28T22:16:07+03:00
saludo_con_solicitud,buenas tardes,"Buenas tardes don German, la desplumadora esta para entrega inmediata",1,False,2025-09-29T20:58:35+03:00
saludo_con_solicitud,buenas tardes,"Buenas tardes don Henry, Entrega: 8 a 10 DIAS te sirve",1,False,2025-11-18T22:23:02+03:00
saludo_con_solicitud,buenas tardes,"Buenas tardes don Kevin, lo estaba llamando para validar si ya fue aprobada la compra de la prensa",1,False,2025-09-08T23:30:44+03:00
saludo_con_solicitud,buenas tardes,"Buenas tardes don Nicolas, quedo atenta si es aprobada para ir separando las unidades",1,False,2025-10-23T20:27:56+03:00
saludo_con_solicitud,buenas tardes,"Buenas tardes don Rodolfo, espero se encuentre muy bien. cuenteme aun esta interesado en la maquina de granizados",1,False,2025-11-26T00:00:09+03:00
saludo_con_solicitud,buenas tardes,"Buenas tardes don Santiago, te estaba llamando pero se va a buzon",1,False,2025-11-11T00:11:59+03:00
saludo_con_solicitud,buenas tardes,buenas tardes el que tengo de 60 dias es bajo pedido 15 dias para que tengan en cuenta,1,False,2025-07-25T23:46:22+03:00
saludo_con_solicitud,buenas tardes,"Buenas tardes En cuanto a su **capacidad**, aquí tienes los datos clave: - **Capacidad de carga:** hasta **800 kg por bache de semilla** - **Canastillas incluidas:** 16 unidades plásticas de 60×40×25 cm, hechas de polietileno de alta densidad - **Peso del equipo:** aproximadamente **940 kg** - **Dimensiones aproximadas:** ancho 1,90 m, altura total 1,60 m - **Relación volumétrica agua/caña:** 4:1 - **Rango de temperatura de operación:** hasta 60 °C Este equipo cuenta con un sistema de control digital y calentador en línea de 36 kW, lo que permite mantener condiciones precisas durante el tratamiento",1,False,2025-06-18T23:09:35+03:00
saludo_con_solicitud,buenas tardes,Buenas tardes eso está en pesos,1,False,2025-08-04T21:30:24+03:00
saludo_con_solicitud,buenas tardes,"Buenas tardes Espero este mensaje le encuentre bien. Quería confirmar que recibió la información que le compartí recientemente el, manual del equipo. Estoy a su disposición para aclarar cualquier consulta adicional o para profundizar en algún aspecto que sea de su interés",1,False,2025-06-26T22:48:49+03:00
saludo_con_solicitud,buenas tardes,buenas tardes esta referencia Kenwood NX-3220 no la manejamos quedamos atentos,1,False,2025-10-04T00:52:26+03:00
saludo_con_solicitud,buenas tardes,Buenas tardes estamos atentos envío cotización de acuerdo a lo conversado,1,False,2025-06-17T22:34:36+03:00
saludo_con_solicitud,buenas tardes,Buenas tardes está cotización aplica el descuento,1,False,2025-07-11T00:02:54+03:00
saludo_con_solicitud,buenas tardes,Buenas tardes favor cotizarme la KOLIDA KTS- 442R10,1,False,2025-10-07T22:13:08+03:00
saludo_con_solicitud,buenas tardes,Buenas tardes gracias por responder. El asunto es que ustedes no me confirmaron si el equipo funciona en tuberías enterradas por lo menos a un metro y lo estoy consultando porque estoy esperimentando en buscar fugas en tuberías de agua utilizando gas Helio,1,False,2025-10-08T00:07:54+03:00
saludo_con_solicitud,buenas tardes,"Buenas tardes Katerine, cuentame ya les aprobaron la compra de las gafas",1,False,2025-12-02T22:53:56+03:00
saludo_con_solicitud,buenas tardes,Buenas tardes La cotización fue enviada a gerencia a la espera de su aprobación,1,False,2025-07-01T23:28:32+03:00
saludo_con_solicitud,buenas tardes,Buenas tardes Lo ví en facebook no se cuál se necesite,1,False,2025-06-17T22:40:08+03:00
saludo_con_solicitud,buenas tardes,Buenas tardes me gustaría adquirir algo así,1,False,2026-03-09T23:36:41+03:00
saludo_con_solicitud,buenas tardes,Buenas tardes me podría decir el precio en Dolares,1,False,2025-12-24T00:55:46+03:00
saludo_con_solicitud,buenas tardes,Buenas tardes me podrías ayudar con una cotización de un medidor de Humedad de GRANOS de cacao Aqua Boy kpm,1,False,2026-02-05T21:29:24+03:00
saludo_con_solicitud,buenas tardes,Buenas tardes Por favor necesito cotizar éste cuenta litros de combustible Buenas tardes Necesito cotizar por favor éste cuenta litros de combustibles,1,False,2026-03-04T23:37:19+03:00
saludo_con_solicitud,buenas tardes,buenas tardes por favor nos colabora cotizar GUANTES DIALECTRICOS MARCA HONEYWELL TALLA 10 CLASE 00 CON CERTIFICADO 4,1,False,2026-01-16T00:43:27+03:00
saludo_con_solicitud,buenas tardes,Buenas tardes se actualiza propuesta con referencia solicitada quedamos atentos a sus ordenes,1,False,2025-10-24T23:15:45+03:00
saludo_con_solicitud,buenas tardes,"Buenas tardes señor Hernando, estoy atenta para continuar la compra",1,False,2026-03-06T22:49:14+03:00
saludo_con_solicitud,buenas tardes,"Buenas tardes señor Hernando, estoy atenta para continuar la compra === SYSTEM WZ === No puedes iniciar una correspondencia de 24 horas con este cliente usando la plantilla """"Marketing"""": eso es lo que decidió Meta. Envíe una plantilla de una categoría diferente",1,False,2026-03-06T22:49:19+03:00
saludo_con_solicitud,buenas tardes,"Buenas tardes Sr. Juan, estamos un poco saturados y por eso no le podido mandar la proforma, estoy al pendiente es de que me confirmen el stock",1,False,2025-12-13T00:47:52+03:00
saludo_con_solicitud,buenas tardes,"Buenas tardes Sra Diana, te estaba llamando para revisar la cotizacion. indicame por favor en que momento me puedo coomunicar",1,False,2025-08-25T20:50:22+03:00
saludo_con_solicitud,buenas tardes,Buenas tardes Sra Edilma. por favor me envia el RUT o me indica cedula y direccion le realizo la factura,1,False,2025-11-07T06:29:50+03:00
saludo_con_solicitud,buenas tardes,"Buenas tardes Sra Elizabeth, me confirma por favor si le envio la factura por los 2 equipos",1,False,2025-09-23T23:37:09+03:00
saludo_con_solicitud,buenas tardes,Buenas tardes Sra Elizabeth. te estaba llamando para validar si aun esta interesada en la compra de los equipos,1,False,2025-09-26T22:31:41+03:00
saludo_con_solicitud,buenas tardes,"Buenas tardes Sra Fabiola, por favor me envia el RUT los creo en el sistema y le genero la factura proforma",1,False,2025-12-03T23:49:20+03:00
saludo_con_solicitud,buenas tardes,"Buenas tardes Sra Lina, me envia por favor el RUT y me indica cual de las referencias aprobaron",1,False,2025-10-31T23:32:41+03:00
saludo_con_solicitud,buenas tardes,"Buenas tardes sres Via Industrial, como se encuentran, espero que muy bien",1,False,2025-12-04T23:27:04+03:00
saludo_con_solicitud,buenas tardes,"Buenas tardes Te escribo para enviarte el formato de devolución de dinero, por favor enviarlo diligenciado junto con la certificación bancaria Feliz dia",1,False,2025-12-02T20:35:52+03:00
saludo_con_solicitud,buenas tardes,"Buenas tardes Te escribo para enviarte el formato de devolución de dinero, por favor enviarlo diligenciado junto con la certificación bancaria Feliz dia. === SYSTEM WZ === El contacto ha decidido dejar de recibir mensajes de marketing en WhatsApp de su empresa. Envíe una plantilla de otra categoría o escriba en otro mensajero",1,False,2025-12-02T20:35:59+03:00
saludo_con_solicitud,buenas tardes,Buenas tardes ya se la envío al depto compras,1,False,2025-07-29T23:59:53+03:00
saludo_con_solicitud,buenas tardes,"Buenas tardes Yesenia, indicame la referencia o las caracteristicas",1,False,2026-03-09T23:19:53+03:00
saludo_con_solicitud,buenas tardes,"Buenas tardes, adjunto documentos solicitados. El cuestionario quedo diligenciado",1,False,2025-06-12T20:23:53+03:00
saludo_con_solicitud,buenas tardes,"Buenas tardes, agradezco generar la factura correspondiente al pedido 5000008281, el suministro fue recibido el dia de hoy. Quedamos atentos",1,False,2026-01-30T23:11:45+03:00
saludo_con_solicitud,buenas tardes,"Buenas tardes, Aprovecha el gran descuento del 20% disponible durante los próximos días y ratifica tu compra. Te envío adjunta la ficha técnica del equipo para tu revisión. Quedamos atentos a tus órdenes y con gusto atenderemos cualquier consulta adicional que tengas. Saludos cordiales",1,False,2025-08-22T23:11:40+03:00
saludo_con_solicitud,buenas tardes,"Buenas tardes, aún no hay una respuesta",1,False,2025-11-13T22:46:34+03:00
saludo_con_solicitud,buenas tardes,"Buenas tardes, Como parte de nuestro objetivo es asegurarnos de que todo se desarrolle de manera eficiente y satisfactoria, ofreciendo el acompañamiento necesario para garantizar tu éxito. Estamos aquí para ayudarte en lo que necesites",1,False,2025-06-26T22:41:16+03:00
saludo_con_solicitud,buenas tardes,"Buenas tardes, dn Edgar del Monitor de gases lograron revisar la cotizacion",1,False,2025-08-12T22:54:44+03:00
saludo_con_solicitud,buenas tardes,"Buenas tardes, don Julián. ¿Me podría indicar por favor para qué fecha necesitan tener el equipo",1,False,2026-01-15T20:15:32+03:00
saludo_con_solicitud,buenas tardes,"buenas tardes, el costo del flete NO esta incluida en la cotizacion, por lo general los equipos los enviamos A PAGO CONTRAENTREGA y le cancelan a la transportadora el costo del flete",1,False,2025-06-13T00:55:16+03:00
saludo_con_solicitud,buenas tardes,"Buenas tardes, el equipo esta listo para entrega, le comparto los horarios, pero si puede acercarse despues de las 2pm, mucho mejor",1,False,2025-12-12T01:20:53+03:00
saludo_con_solicitud,buenas tardes,"buenas tardes, en el mom,enmto hay uno para entrega inmediata, el restante demora la importacion 10 dias habiles",1,False,2025-10-03T00:33:31+03:00
saludo_con_solicitud,buenas tardes,"Buenas tardes, en este momnto no contamos con unidades y aun no me reportan fecha de llegada",1,False,2025-12-11T23:38:54+03:00
saludo_con_solicitud,buenas tardes,"Buenas tardes, en soles cuánto me sale",1,False,2025-12-17T20:18:59+03:00
saludo_con_solicitud,buenas tardes,"Buenas tardes, ese equipo esta descontinuado, este es el que lo homologa https://www.viaindustrial.com/medidor-de-energia-zmy405-landis/pp/P260593/ 2.750.000 + iva",1,False,2025-12-11T06:28:49+03:00
saludo_con_solicitud,buenas tardes,"buenas tardes, estamos ubicadois en BOGOTA, Calle 76 No. 20B-24 Of. 207 Edificio Centrum, estamos atendiendo de 7.30 a 5.00 lunes a viernes jornada continua",1,False,2025-08-20T21:30:32+03:00
saludo_con_solicitud,buenas tardes,"Buenas tardes, estan operativos? para realizar el envio",1,False,2026-01-07T23:30:14+03:00
saludo_con_solicitud,buenas tardes,"Buenas tardes, este equipo es de importacion demora de 10 a 15 dias hbailes con abono del 70% para iniciar la importacion",1,False,2025-09-09T01:10:45+03:00
saludo_con_solicitud,buenas tardes,"buenas tardes, estoy interesada en saber que costo tiene este producto: medidor de ph HI9810432 hanna-instruments P258206",1,False,2025-06-14T00:20:33+03:00
saludo_con_solicitud,buenas tardes,"buenas tardes, estuve revisando y esta clase de elemento no lo distribuimos",1,False,2025-10-20T22:20:50+03:00
saludo_con_solicitud,buenas tardes,"Buenas tardes, gracias por el dato",1,False,2026-01-28T01:06:09+03:00
saludo_con_solicitud,buenas tardes,"Buenas tardes, la cotizacion esta actualizada con el envio a Mexico, valida y me cuentas para dar inicio https://www.viaindustrial.com/cotizacion.asp?CotCliente=1257561&token=471585&p=P168888",1,False,2025-11-27T23:17:35+03:00
saludo_con_solicitud,buenas tardes,"Buenas tardes, la maquina es importada de 15 a 20 días. no esta en almacen",1,False,2025-12-04T22:20:05+03:00
saludo_con_solicitud,buenas tardes,"Buenas tardes, la presente es para infromarle que la balanza cotizada, esta para entrega un dia habil a partir del pago",1,False,2025-11-07T21:23:19+03:00
saludo_con_solicitud,buenas tardes,"Buenas tardes, le escribe Diany de distribuciónes ferreteras csp, disculpa manejas sonda industrial",1,False,2025-07-02T23:15:56+03:00
saludo_con_solicitud,buenas tardes,"Buenas tardes, le hablamos de viaindustrial. Estaba tratando de comunicarme para preguntar si continuar interesados en la compra del dinamómetro",1,False,2025-05-28T19:39:26+03:00
saludo_con_solicitud,buenas tardes,"Buenas tardes, me compartes el rut para generar la proforma",1,False,2025-12-17T23:57:30+03:00
saludo_con_solicitud,buenas tardes,"Buenas tardes, me confirmas el correo de facturacion",1,False,2025-12-19T23:51:33+03:00
saludo_con_solicitud,buenas tardes,"Buenas tardes, me envias por favor el RUC los creo en el sistema",1,False,2025-09-23T01:14:58+03:00
saludo_con_solicitud,buenas tardes,"Buenas tardes, me informan de la bodega que los probadores de humo, estan en la bodega en de zona franca",1,False,2025-07-31T22:51:05+03:00
saludo_con_solicitud,buenas tardes,"Buenas tardes, me podrias indicar el precio y la disponibilidad de este salinometro por favor",1,False,2025-10-08T23:43:09+03:00
saludo_con_solicitud,buenas tardes,"Buenas tardes, me regalas el rut y el correo de facturación, por favor",1,False,2025-12-01T20:20:44+03:00
saludo_con_solicitud,buenas tardes,"Buenas tardes, muy bien y usted",1,False,2026-03-07T00:23:05+03:00
saludo_con_solicitud,buenas tardes,"Buenas tardes, necesito renovar mi material volumétrico y estoy en la búsqueda de diferentes elementos",1,False,2025-09-30T21:48:35+03:00
saludo_con_solicitud,buenas tardes,"Buenas tardes, nos encontramos ubicados en ecuador: En la siguiente dirección: Km 23.5 vía la Costa 500m antes del peaje Guayaquil, Guayas Quisiéramos saber los costos de envío",1,False,2025-12-03T01:18:29+03:00
saludo_con_solicitud,buenas tardes,"Buenas tardes, por favor me ayudan con los documentos para poder enviar o.c",1,False,2025-06-18T22:53:52+03:00
saludo_con_solicitud,buenas tardes,"Buenas tardes, por favor me envias el RUT los voy creando en el sistema",1,False,2025-11-19T00:59:36+03:00
saludo_con_solicitud,buenas tardes,"Buenas tardes, Por favor, me confirmas si desean continuar con la compra del Interruptor de vibración o si procedemos a liberarlo en bodega. Quedo atenta",1,False,2025-11-18T23:26:44+03:00
saludo_con_solicitud,buenas tardes,"Buenas tardes, que garantía de durabillidad y que cuidados posee este equipo",1,False,2025-06-24T23:04:40+03:00
saludo_con_solicitud,buenas tardes,"Buenas tardes, quisiera comprar bateas de oro",1,False,2025-09-30T01:36:59+03:00
saludo_con_solicitud,buenas tardes,"Buenas tardes, quisiera saber si usteden venden Aguja No. 1 para viscosimetro RV marca brookfield",1,False,2025-09-12T20:59:30+03:00
saludo_con_solicitud,buenas tardes,"Buenas tardes, seguimos atentos a los documentos solicitados",1,False,2025-03-29T20:06:23+03:00
saludo_con_solicitud,buenas tardes,"buenas tardes, señor CARLOS FERNANDO, le escribo para saludarlo y para saber cómo le fue con la cotización del DRON TERMICO si lo van a comprar?? o que decisión han tomado al respecto?'' atento a sus comentarios",1,False,2025-11-07T23:56:52+03:00
saludo_con_solicitud,buenas tardes,"buenas tardes, señor LUIS === SYSTEM WZ === La plantilla de marketing no se puede enviar a este cliente en este momento debido a la limitación de mensajes de marketing. Inténtelo de nuevo más tarde o envíe una plantilla de otra categoría",1,False,2025-12-17T22:06:08+03:00
saludo_con_solicitud,buenas tardes,"buenas tardes, señor Ricardo, como esta?'",1,False,2025-10-20T23:33:50+03:00
saludo_con_solicitud,buenas tardes,"buenas tardes, señor ZAID, ahi le acabo de enviar la cotizacion actualizada de los cronometros, incluido el flete",1,False,2026-01-17T00:31:52+03:00
saludo_con_solicitud,buenas tardes,"buenas tardes, señora GLADYS, la presente es para saludarla y para preguyntarle respecto a la cotizacion del Grindometro de alta precision, para saber si van a realizar la compra, o que decision han tomado respecto a la comrpa del equipo, para colaborarle",1,False,2025-11-07T22:09:48+03:00
saludo_con_solicitud,buenas tardes,"buenas tardes, señorita DANIELA, como esta??'",1,False,2026-03-07T00:17:54+03:00
saludo_con_solicitud,buenas tardes,"buenas tardes, señorita DIANA CASTRO, le escribo para saludarla y para saber cómo le fue con la cotización del KIT DE MONITOREO NUTRIMENTAL si lo van a comprar?? o que decisión han tomado al respecto?'' atento a sus comentarios",1,False,2025-11-08T00:12:56+03:00
saludo_con_solicitud,buenas tardes,"Buenas tardes, señorWilder, soy Martin Aguilera, en que lke puedo colaborar",1,False,2025-10-23T21:29:32+03:00
saludo_con_solicitud,buenas tardes,"Buenas tardes, si llevamos 20 unidades no tendría algún descuento",1,False,2025-10-08T21:42:20+03:00
saludo_con_solicitud,buenas tardes,"Buenas tardes, soy Estefania Gonzalez, cuentame si lograron revisar la cotizacion",1,False,2025-05-08T23:10:08+03:00
saludo_con_solicitud,buenas tardes,"Buenas tardes, Sra. Marisol: El pasado 21 de julio se entregó el derecho de petición y, hasta la fecha, no hemos recibido respuesta por parte de ustedes. Adicionalmente, las fechas previamente indicadas para el cumplimiento del compromiso de pago y abonos no se han cumplido. A la fecha, se registra una mora de 8 meses sobre el pago inicial del crédito otorgado a 30 días. Agradezco su pronta gestión y confirmación sobre el estado de este proceso. Quedo atenta a su respuesta",1,False,2025-08-13T00:55:30+03:00
saludo_con_solicitud,buenas tardes,"Buenas tardes, también me gustaría conocer las dimensiones de las partes de la herramienta",1,False,2025-11-04T23:04:54+03:00
saludo_con_solicitud,buenas tardes,"Buenas tardes, te comparto el certificado",1,False,2025-11-12T22:23:25+03:00
saludo_con_solicitud,buenas tardes,"Buenas tardes, te esta respondiendo el chatbot. el caso junto con el video ya se remitió a servicio al cliente y ellos se encargan de darte respuesta",1,False,2026-03-11T21:53:12+03:00
saludo_con_solicitud,buenas tardes,"Buenas tardes, tienen de la genética",1,False,2025-09-19T21:27:20+03:00
saludo_con_solicitud,buenas tardes,"Buenas tardes, usted es tan amable de actualizarme esta cotización",1,False,2026-01-19T22:08:30+03:00
saludo_con_solicitud,buenas tardes,"buenas tardes, ya hice la gestión de pasar la cotización pero aún no me han dado informacion ya el area de compras se encargara, muchas gracias",1,False,2025-09-04T21:44:54+03:00
saludo_con_solicitud,buenas tardes,"Buenas tardes, ¿en qué puedo ayudarte hoy? === SYSTEM WZ === La plantilla de marketing no se puede enviar a este cliente en este momento debido a la limitación de mensajes de marketing. Inténtelo de nuevo más tarde o envíe una plantilla de otra categoría",1,False,2026-03-07T00:22:43+03:00
saludo_con_solicitud,buenas tardes,"Buenas tardes,. te pregunto, de pronto manejan esta báscula",1,False,2025-09-08T22:57:25+03:00
saludo_con_solicitud,buenas tardes,Buenas tardes. Disculpe le pregunto. Estoy confundido en el primer texto usted me dice que enviará el enlace y en el segundo que queda atenta a recibirlo,1,False,2026-02-24T21:34:36+03:00
saludo_con_solicitud,buenas tardes,Buenas tardes. le comparto la factura por este medio,1,False,2026-01-31T00:16:36+03:00
saludo_con_solicitud,buenas tardes,Buenas tardes. Me confirma por favor si ya enviaron la documentación al correo que indiqué,1,False,2025-10-29T20:28:12+03:00
saludo_con_solicitud,buenas tardes,Buenas tardes. Muchas gracias por su rapida atencion y respuesta. Estamos evaluando la cotizacion,1,False,2025-07-03T00:53:25+03:00
saludo_con_solicitud,buenas tardes,Buenas tardes. Para saber de la información de financiación,1,False,2025-07-22T22:27:04+03:00
saludo_con_solicitud,buenas tardes,Buenas tardes. Por favor me informan para cuándo pueden enviarnos la oferta económica del sensor P237915?. Gracias,1,False,2025-09-08T22:40:48+03:00
saludo_con_solicitud,buenas tardes,Buenas tardes. Puedo comprar el Ecuador? Me da información. Gracias,1,False,2025-08-09T00:52:53+03:00
saludo_con_solicitud,buenas tardes,Buenas tardes. Se requiere la cotización en pdf,1,False,2025-08-25T22:26:53+03:00
saludo_con_solicitud,buenas tardes,"Buenas tardes. Si bien es cierto que es un martillo geológico, no es la marca que necesito",1,False,2025-07-01T22:25:09+03:00
saludo_con_solicitud,buenas tardes,Buenas tardes. Si me llegó. Muchas gracias,1,False,2025-05-11T20:15:38+03:00
saludo_con_solicitud,buenas tardes,"Buenas tardes. Si recibí la información,sin embargo para la institución educativa es muy costoso el valor que nos ofrecen",1,False,2025-06-24T22:41:48+03:00
saludo_con_solicitud,buenas tardes,"Buenas tardes. Si, pero sería sin los estereoscopios",1,False,2025-07-04T23:25:51+03:00
saludo_con_solicitud,buenas tardes,Buenas tardes. Sigo esperando cotización de los variadores,1,False,2026-03-03T21:39:54+03:00
saludo_con_solicitud,buenas tardes,"Buenas tardes. Un favor, quisiera saber el precio de una prensa hidráulica que las pacas de cartón pesen aproximadamente 500kg. Gracias",1,False,2026-01-19T01:24:18+03:00
saludo_con_solicitud,buenas tardes,buenas tardes: pregunta.. esa valvulas son para AIRE? o para AGUA?? son VALVULAS DE COMPUERTA??? tiene la marca y la referencia? porque en las imagenes que envia no se ve muy bien las caracteristicas,1,False,2026-02-03T23:29:14+03:00
saludo_con_solicitud,buenas,Buenas tienen de 2 o 1 m,1,False,2025-06-26T18:56:04+03:00
saludo_con_solicitud,buenas,"Buenas, por favor podrían ayudarme con la cotización de un micrómetro de exteriores que me sirva para medir en el rango de 0 a 250 mm, con una resolución de 0,01 mm",1,False,2025-08-05T18:26:17+03:00
saludo_con_solicitud,buenas,"Buenas, quería averiguar sobre máquina para mantequilla de maní",1,False,2025-06-27T18:56:57+03:00
saludo_con_solicitud,bueno dias,"bueno dias, te envio propuesta según visita de gerencia comercial, quedamos atentos a sus ordenes o cualquier consulta",1,False,2025-08-11T19:47:10+03:00
saludo_con_solicitud,bueno dias,"bueno dias, te envio propuesta según visita de gerencia comercial, quedamos atentos a sus ordenes o cualquier consulta >> >> Gracias",1,False,2025-08-11T19:58:06+03:00
saludo_con_solicitud,buenos dias,"Buenos dias Alejandra, la cotizacion esta actualizada con 1 unidad. enviame el RUT te realizo la factura proforma https://www.viaindustrial.com/cotizacion.asp?CotCliente=1255802&token=470926&p=P244010",1,False,2025-11-14T14:34:58+03:00
saludo_con_solicitud,buenos dias,"Buenos dias Andrea, por favor me envia el RUT. una vez realicen el pago se realiza el envio",1,False,2025-08-20T15:42:45+03:00
saludo_con_solicitud,buenos dias,"Buenos dias como esta, tiene este acuastato para entrega inmediata",1,False,2026-02-10T23:22:23+03:00
saludo_con_solicitud,buenos dias,"Buenos dias como estan ? ,con quien me he comunicado ? , en estos dias ? todabia estoy mirando la compra del torno ,le preguntaba si venden torno de segunda o de ofertas ya les habia preguntado antes ? como le digo quiciera uno de maximo $5 Mllones 1/2 si lo tienen de buena calidad y me dicen si esos que me mustran en la fotos ,el Shimpo y el Huanyu tienen la conexion para Colombia(Medellin) Perdonen la molestia y les agradezco la informacion",1,False,2025-07-07T18:18:45+03:00
saludo_con_solicitud,buenos dias,"Buenos dias como estan, revisando las cotizaciones no están todos elementos",1,False,2025-08-20T19:37:22+03:00
saludo_con_solicitud,buenos dias,"Buenos dias cordial saludo, por favor me podrías ayudar. Busco medidor de gas natural para empresa QMAX 6m cubicos",1,False,2025-11-27T20:00:21+03:00
saludo_con_solicitud,buenos dias,"Buenos dias deseo cotizar unos kit de rombos para el transporte de mercancía peligrosa, ustedes lo manejan",1,False,2025-06-16T16:41:38+03:00
saludo_con_solicitud,buenos dias,"Buenos dias dn Diego, al correo le envie los documentos. me confirmas por favor si te llego",1,False,2025-06-18T16:40:55+03:00
saludo_con_solicitud,buenos dias,"Buenos dias don Alejandro, el tiempo de la importacion es de 10 dias habiles. cuentame si te sirve y me envias el RUT les envio la factura proforma para dar inicio",1,False,2025-11-21T13:00:15+03:00
saludo_con_solicitud,buenos dias,"Buenos dias don Cesar, indiqueme la referencia por favor",1,False,2025-10-07T18:46:20+03:00
saludo_con_solicitud,buenos dias,"Buenos dias don Cesar, solo tenemos servicio para los equipos que vendemos, en el sistema no me refleja venta de este equipo",1,False,2025-07-02T19:29:33+03:00
saludo_con_solicitud,buenos dias,"Buenos dias don Daniel, la factura les llega el dia de hoy al correo",1,False,2025-05-09T16:14:34+03:00
saludo_con_solicitud,buenos dias,"Buenos dias don Danilo, por favor me envia el RUT le genero la factura proforma de la Lampara",1,False,2025-07-22T14:34:49+03:00
saludo_con_solicitud,buenos dias,"Buenos dias don Diego, la informacion tecnica si se ajusta al equipo que necesitan",1,False,2025-10-28T16:46:43+03:00
saludo_con_solicitud,buenos dias,"Buenos dias don Enrique, la referencia que le cotizamos es KTS-442-UT y la que me envias en la imagen es otra. confirmame por favor cual es la referencia que estan necesitando",1,False,2025-10-06T20:24:49+03:00
saludo_con_solicitud,buenos dias,"Buenos dias don Fredy, recuerda informarme una vez el cliente les de actualizacion. ;)",1,False,2025-08-05T19:35:25+03:00
saludo_con_solicitud,buenos dias,Buenos dias don Harold como estas,1,False,2025-12-19T17:43:20+03:00
saludo_con_solicitud,buenos dias,"Buenos dias don Hernan, Indicame por favor: nombre completo y cedula * e_mail para la factura electrónica. * Dirección y ciudad de despacho * Nombre y teléfono de la persona que recibe",1,False,2026-01-30T15:54:19+03:00
saludo_con_solicitud,buenos dias,"Buenos dias don Jairo, ayer te envie el correo con la informacion, me confirmas por favor si lo recibieron",1,False,2025-08-05T14:27:59+03:00
saludo_con_solicitud,buenos dias,"Buenos dias don Javier, el link enviado de las 10 am no funciona",1,False,2026-03-04T18:13:46+03:00
saludo_con_solicitud,buenos dias,"Buenos dias don Jhon, la cotizacion ya se encuentra actulizada. Cuentame para cuando estiman realizar la compra del equipo",1,False,2025-09-17T15:43:26+03:00
saludo_con_solicitud,buenos dias,"Buenos dias don Jorge, te actualice con la referencia 350-TC es de entrega inmediata, revisala y me confirmas para separarla https://www.viaindustrial.com/cotizacion.asp?CotCliente=1230198&token=461324&p=P240015",1,False,2025-10-25T20:38:17+03:00
saludo_con_solicitud,buenos dias,"Buenos dias don Jose, envieme por favor el RUT le realizo la factura proforma",1,False,2025-12-05T13:19:53+03:00
saludo_con_solicitud,buenos dias,"Buenos dias don Joseth, la entrega es de 10 a 15 DIAS te sirve el tiempo",1,False,2025-07-15T16:40:59+03:00
saludo_con_solicitud,buenos dias,"Buenos dias don Juan, la cotizacion se encuentra actualizada. cuenta con descuento del 25% https://www.viaindustrial.com/cotizacion.asp?CotCliente=1255964&token=470986&p=P248437 enviame el RUT te realizo la factura proforma",1,False,2025-11-19T17:02:28+03:00
saludo_con_solicitud,buenos dias,"Buenos dias don Luis, espero se encuentre muy bien. paso para validar si aun estan interesados en la compra de la maquina medidora de cable",1,False,2025-11-18T17:15:43+03:00
saludo_con_solicitud,buenos dias,"Buenos dias don Maicol, cuentame si lograste revisar la opcion que esta disponible en honeywell",1,False,2025-11-10T15:35:56+03:00
saludo_con_solicitud,buenos dias,"Buenos dias don Mauricio, enviame por favor el RUT los voy creando en el sistema",1,False,2025-11-26T17:26:45+03:00
saludo_con_solicitud,buenos dias,"Buenos dias don Miguel, para el pago solo transferencia o pago en linea. cual de las 2 opciones se ajusta",1,False,2025-10-01T16:57:25+03:00
saludo_con_solicitud,buenos dias,Buenos dias don Miguel. la entrega es de 10 dias habiles ya que es importada bajo pedido. te sirve,1,False,2026-03-09T17:38:03+03:00
saludo_con_solicitud,buenos dias,"Buenos dias don Nicolas, enviame el RUT por favor los voy creando en el sistem a",1,False,2025-11-26T15:44:36+03:00
saludo_con_solicitud,buenos dias,"Buenos dias don Oscar, por favor me envia el RUT le realizo la factura proforma",1,False,2025-11-12T18:08:29+03:00
saludo_con_solicitud,buenos dias,"Buenos dias don Robert, enviame por favor el RUT de la empresa le realizo la factura proforma",1,False,2026-01-30T15:58:40+03:00
saludo_con_solicitud,buenos dias,"Buenos dias don William, cuenteme para cuando estiman generar la orden de compra de las gafas",1,False,2025-06-20T16:30:57+03:00
saludo_con_solicitud,buenos dias,"Buenos dias don William, para fabricar el equipo es necesario abono del 70% y una vez este listo cancelan el saldo para la entrega. por favor me envia el RUT y me indica cual aprobaron",1,False,2025-10-24T16:33:00+03:00
saludo_con_solicitud,buenos dias,"Buenos dias don William, voy a revisar con almacen el tiempo de entrega y le informo",1,False,2025-10-01T19:11:07+03:00
saludo_con_solicitud,buenos dias,"Buenos dias envio ficha técnica según su solcitud , con respecto al granulado no lo manejamos quedamos atentos a sus ordenes o cualquier consulta",1,False,2025-08-21T18:01:03+03:00
saludo_con_solicitud,buenos dias,"Buenos dias Estefania, me regalas los números de ordenes de compras",1,False,2025-12-05T16:56:39+03:00
saludo_con_solicitud,buenos dias,Buenos dias estoy buscando pirometro maxtermo 96× 96 con ramplas,1,False,2025-06-14T18:32:27+03:00
saludo_con_solicitud,buenos dias,"Buenos dias Johanner, el Detector de fugas esta para entrega de 2 dias. enviame el RUT te realizo la factura proforma",1,False,2026-01-26T17:29:55+03:00
saludo_con_solicitud,buenos dias,Buenos dias la otra pila no tienen,1,False,2025-06-25T17:20:41+03:00
saludo_con_solicitud,buenos dias,Buenos dias la otra referencia estamos confirmando para agregar la a la cotización,1,False,2025-06-18T17:47:54+03:00
saludo_con_solicitud,buenos dias,Buenos dias la otra referencia estamos confirmando para agregar la a la cotización === SYSTEM WZ === An error occurred. The information has already been directed to Wazzup developers,1,False,2025-06-18T17:47:59+03:00
saludo_con_solicitud,buenos dias,Buenos dias Las latas de diámetro 35-126 mm quedamos atentos a cualquier consulta,1,False,2025-07-25T19:13:53+03:00
saludo_con_solicitud,buenos dias,"Buenos dias Laura, me confirmas los datos de envio por favor. Verificar Direccion Envio DG 7 NORTE 71 473 BRR PASO DEL COMERCIO CALI VALLE 3146186719 Jerson ortega",1,False,2026-02-27T17:33:25+03:00
saludo_con_solicitud,buenos dias,"Buenos dias Lizeth, indicame por favor la referencia de la Bomba neumática que te solicitan",1,False,2025-11-21T14:08:27+03:00
saludo_con_solicitud,buenos dias,"Buenos dias Luisa, revise tu correo. me envias por favor el RUT de ustedes",1,False,2025-10-30T16:32:55+03:00
saludo_con_solicitud,buenos dias,"Buenos dias Mariel, por favor me envias el RUT te realizo la factura proforma del DRAGER-X-AM-2500",1,False,2025-12-19T18:02:43+03:00
saludo_con_solicitud,buenos dias,Buenos dias mas economicos no tendria,1,False,2025-06-26T15:39:08+03:00
saludo_con_solicitud,buenos dias,"Buenos dias me pueden dar infomacion del despacho, garcias",1,False,2025-04-10T16:39:59+03:00
saludo_con_solicitud,buenos dias,"Buenos dias Muchas gracias, estaré atento",1,False,2025-08-05T17:36:56+03:00
saludo_con_solicitud,buenos dias,"Buenos dias Muchicimas gracias por la información, se me sale de mi presupuesto y depronto tornos de segunda mano , venden ? pero de ese mismo torno eléctrico para ceramica Shimpo Aspire ? Mi presupuesto maximo es de 5 a 6 millones y veo que en ese estilo no lo tienen ,le agradezco",1,False,2025-05-30T18:43:23+03:00
saludo_con_solicitud,buenos dias,BUENOS DIAS NECESITO PRECIO DE DISCO SECCHY,1,False,2025-09-12T18:44:56+03:00
saludo_con_solicitud,buenos dias,Buenos dias para cotizar este producto,1,False,2026-03-04T17:17:27+03:00
saludo_con_solicitud,buenos dias,Buenos dias para pddirles favor solamente donde consigo repuestos que le envie fotos de la hidrolavadora evans,1,False,2025-08-05T19:09:22+03:00
saludo_con_solicitud,buenos dias,"Buenos dias Paula, te estaba llamando. cuentame aun estan interesados en la compra del Deshidratador",1,False,2025-08-05T18:42:22+03:00
saludo_con_solicitud,buenos dias,buenos dias señor como esta? recuerde que le mencione que tuve una extension de tiempo apenas estoy armando hoy el segundo proceso,1,False,2025-09-16T16:10:31+03:00
saludo_con_solicitud,buenos dias,Buenos dias si es que estoy esperando qur me autoricen dijeron que el martes me puedes esperar hasta el martes,1,False,2025-10-10T20:17:38+03:00
saludo_con_solicitud,buenos dias,Buenos dias si estaba en ua reunión,1,False,2025-09-23T17:25:42+03:00
saludo_con_solicitud,buenos dias,Buenos dias si muchas gracias pero aun no me han dicho nada,1,False,2025-06-17T16:35:54+03:00
saludo_con_solicitud,buenos dias,"Buenos dias Silvana, por favor me envia el RUT los creo en el sistema",1,False,2025-09-26T18:41:12+03:00
saludo_con_solicitud,buenos dias,BUENOS DIAS SOMOS LA EMPRESA IMCOFE SAC. - RUC: 20602392211 AV. ARGENTINA NRO. 1696 INT. 200 (UNA CUADRA ANTES DE DUEÑAS) LIMA - LIMA - LIMA - PERU LE SALUDA LUIS TORRES MEJIA (74730943) ENCARGADO ANALISTA LOGISTICO DE IMCOFE S.A.C. E-mail: ventas1@imcofesac.com.pe FAVOR DE COTIZAR EL SIGUIENTE REQUERIMIENTO: * 2 UND - Válvula Flotadora de 1″ Bronce C/Boya de Cobre,1,False,2025-11-28T19:32:52+03:00
saludo_con_solicitud,buenos dias,"Buenos dias Sra Adriana, espero se encuentre muy bien, la estaba llamando para revisar la compra de los equipos",1,False,2025-09-29T17:38:09+03:00
saludo_con_solicitud,buenos dias,"Buenos dias Sra Ana, en el codigo encuentras todas las caracteristicas. revisala y me cuentas si necesitan mayor informacion",1,False,2025-08-27T17:06:05+03:00
saludo_con_solicitud,buenos dias,"Buenos dias Sra Ariana, la cotizacion es US$ 18,862,42",1,False,2025-10-15T23:04:10+03:00
saludo_con_solicitud,buenos dias,"Buenos dias Sra Claudia, no realizamos instalacion de los equipos. una vez les llegue se programa capacitacion para el uso",1,False,2025-11-18T16:37:27+03:00
saludo_con_solicitud,buenos dias,"Buenos dias Sra Edilma, cuentame desean continuar con la compra del molino",1,False,2025-11-14T14:55:49+03:00
saludo_con_solicitud,buenos dias,"Buenos dias sra Gladis, al correo te envie la cotizacion. me cuentas por favor si les llego",1,False,2025-11-27T16:24:40+03:00
saludo_con_solicitud,buenos dias,"Buenos dias Sra Lourdes, si aceptamos pagos en US popr favor me envia los datos de la empresa y direccion de entrega le realizo el pedido",1,False,2025-10-21T17:28:21+03:00
saludo_con_solicitud,buenos dias,Buenos dias Sra Luz por favor me comparte el RUT y me ayuda confirmando las referencias aprobadas,1,False,2025-10-21T17:43:40+03:00
saludo_con_solicitud,buenos dias,"Buenos dias Sra Margarita, al correo le envie el formato para el estudio credito, por favor me confirma si lo reciio",1,False,2025-02-05T19:55:24+03:00
saludo_con_solicitud,buenos dias,"Buenos dias Sra Marthas, por favor me envia el RUT o nombre completo, cedula y direccion de entrega le realizo la factura de la incubadora",1,False,2025-10-10T18:17:14+03:00
saludo_con_solicitud,buenos dias,"Buenos dias Sra Olga soy Estefania Gonzalez, me envia por fvaor el RUT los voy creando en el sistema",1,False,2025-09-08T17:53:06+03:00
saludo_con_solicitud,buenos dias,buenos dias tienes 20 camaras de estas,1,False,2025-09-05T18:19:13+03:00
saludo_con_solicitud,buenos dias,buenos dias ustedes tienen tambien la caja de seguridad lototo,1,False,2025-06-17T18:52:40+03:00
saludo_con_solicitud,buenos dias,"Buenos dias Viviana, espero se encuentre muy bien. paso para validar si ya aprobaron la compra de los equipos",1,False,2025-08-27T15:57:20+03:00
saludo_con_solicitud,buenos dias,"Buenos dias y bendiciones Maria Valencia gracias por su respuesta ,por favor nos podria enviar la ficha tecnica",1,False,2025-12-11T15:43:48+03:00
saludo_con_solicitud,buenos dias,"Buenos dias, adjunto CERT, BANCRAIA Y RUT",1,False,2025-10-14T19:53:24+03:00
saludo_con_solicitud,buenos dias,"Buenos dias, adjunto LINK DEL CATALOGO DE PRODUCTOS",1,False,2025-10-15T16:09:31+03:00
saludo_con_solicitud,buenos dias,"Buenos dias, aun no me ha llegado la factura electronica",1,False,2025-05-13T18:56:35+03:00
saludo_con_solicitud,buenos dias,"Buenos dias, busco informacion sobre los aparatos portatiles para medir la humedad del cafe, incluyendo su precio. Tienen algun representante en el eje cafetero? Gracias",1,False,2025-07-02T15:45:31+03:00
saludo_con_solicitud,buenos dias,"Buenos dias, con quien tengo el gusto",1,False,2025-06-19T18:44:57+03:00
saludo_con_solicitud,buenos dias,"Buenos dias, confirmame por favor cual de las 2 referencias aprobaron y la cantidad https://www.viaindustrial.com/cotizacion.asp?CotCliente=1196079&token=448530&p=P107851",1,False,2026-03-03T16:07:55+03:00
saludo_con_solicitud,buenos dias,"Buenos dias, Cuenta con 1 año de garantía por defecto de fabrica, también te brindamos soporte, mantenimiento y capacitación en caso de requerirla, la cual no tiene costo adicional",1,False,2025-12-05T13:26:34+03:00
saludo_con_solicitud,buenos dias,"Buenos dias, disculpeme teniamos un error en los mensajes. aun estan interesados en la compra de la cinta",1,False,2025-06-20T16:08:53+03:00
saludo_con_solicitud,buenos dias,"Buenos dias, el geofono la Entrega: 8 a 10 DIAS enviame por favor el RUC le realizo la factura proforma",1,False,2026-01-13T16:22:18+03:00
saludo_con_solicitud,buenos dias,"Buenos dias, el unico documento que no trae es el INVIMA, una vez sea aprobado me cuentas para ir separando el equipo",1,False,2025-11-27T15:46:15+03:00
saludo_con_solicitud,buenos dias,"Buenos dias, en el siguiente enlace encuentra el catalogo",1,False,2025-07-15T14:12:51+03:00
saludo_con_solicitud,buenos dias,"Buenos dias, enviame por favor el RUT les realizo la factura proforma",1,False,2025-12-19T17:57:01+03:00
saludo_con_solicitud,buenos dias,"Buenos dias, eso esta revision de gerencia",1,False,2025-09-09T15:24:49+03:00
saludo_con_solicitud,buenos dias,"Buenos dias, espero se encuentre muy bien. cuentame si desean continuar con la compra",1,False,2025-12-01T17:36:20+03:00
saludo_con_solicitud,buenos dias,"Buenos dias, espero se encuentre muy bien. cuenteme lograron revisar las fichas",1,False,2025-09-19T17:21:43+03:00
saludo_con_solicitud,buenos dias,"Buenos dias, espero se encuentre muy bien. cuenteme lograron revisar las fichas ? === SYSTEM WZ === La plantilla de marketing no se puede enviar a este cliente en este momento debido a la limitación de mensajes de marketing. Inténtelo de nuevo más tarde o envíe una plantilla de otra categoría",1,False,2025-09-19T17:21:53+03:00
saludo_con_solicitud,buenos dias,"Buenos dias, espero se encuentre muy bien. te estaba llamando desde otro numero, me indicas por favor en que momento me puedo comunicar",1,False,2025-09-29T18:54:28+03:00
saludo_con_solicitud,buenos dias,"Buenos dias, estaba tratando de comunicarme para preguntar por el proceso de compra del dinamómetro",1,False,2025-06-04T18:39:04+03:00
saludo_con_solicitud,buenos dias,"Buenos dias, Estamos ubicados en la Cl. 76 #20b-24, Bogotá, Colombia Oficina 207 Edificio Centrum Nuestro horario comercial es el siguiente: Lunes a Viernes: 7:30 - 5:00 Sábado y Domingo: Cerrado",1,False,2025-12-05T13:54:13+03:00
saludo_con_solicitud,buenos dias,"buenos dias, favor nos informan si tienen este conector o cable con este conector",1,False,2026-02-20T17:26:38+03:00
saludo_con_solicitud,buenos dias,"buenos dias, habla con David de la empresa Guacamaya Energy, por favor me cotiza ese repuesto",1,False,2025-06-24T16:52:12+03:00
saludo_con_solicitud,buenos dias,"Buenos dias, indicame por favor cual es la referencia que requieren Estoy solicitando las cotizaciones de los variadores de frecuencia, estoy esperando la ofertqa, me envian un link donde aparece es un sensor . no entiendo su pregunta",1,False,2026-03-03T18:44:59+03:00
saludo_con_solicitud,buenos dias,"Buenos dias, ingresando al link puedes ver la cotizacion completa con el envio, para cuando tienen programado la compra del equipo https://www.viaindustrial.com/cotizacion.asp?CotCliente=1255312&token=470742&p=P248388",1,False,2025-11-14T15:41:15+03:00
saludo_con_solicitud,buenos dias,"Buenos dias, la cotizacion cuenta con descuento del 16% y el tiempo de entrega es el que tenemos en este momento por temporada alta. quedo atenta para dar inicio",1,False,2025-11-10T16:18:33+03:00
saludo_con_solicitud,buenos dias,"Buenos dias, la oc 0169365 del Anemómetro con interfaz USB se envia el dia de hoy a Medellin, en la tarde te puedo compartir la guia",1,False,2025-08-05T17:32:37+03:00
saludo_con_solicitud,buenos dias,"Buenos dias, la presente es para informarle que el equipo cotizado es de IMPORTACION y demora de 20 a 30 dias habiles con abono del 70% para iniciar la importacion",1,False,2025-07-01T19:15:19+03:00
saludo_con_solicitud,buenos dias,"Buenos dias, la referencia ACE6000 itron Se encuentra descontinuado, la referencia que te cotice es la que lo homologa",1,False,2025-12-15T17:08:18+03:00
saludo_con_solicitud,buenos dias,"Buenos dias, les recomiendo la factura electronica. Muchas gracias",1,False,2025-05-09T15:24:02+03:00
saludo_con_solicitud,buenos dias,"Buenos dias, me confirmas por favor si aprobaron la compra de los torquimetros craftsman",1,False,2025-07-17T17:34:05+03:00
saludo_con_solicitud,buenos dias,"Buenos dias, me pueden aclarar cuantos patrones vienen; o es el set que aparece en la foto porque no entiendo a que se refiere por unidad",1,False,2025-07-30T18:03:57+03:00
saludo_con_solicitud,buenos dias,"Buenos dias, me puedes cotizar este elemento",1,False,2026-03-10T17:37:33+03:00
saludo_con_solicitud,buenos dias,"Buenos dias, n hay lio. quedo atenta del RUT para generar la factura proforma",1,False,2025-11-13T18:28:27+03:00
saludo_con_solicitud,buenos dias,"Buenos dias, nosotros estamos ubicados en Bogota, Calle 76 No. 20B-24 Of. 207 le aclaro lo siguiente",1,False,2025-11-14T18:41:19+03:00
saludo_con_solicitud,buenos dias,"buenos dias, perfecto señorita JHOANNA, le estare llamando el dia miercoles para saber como ha seguido el tramite",1,False,2025-02-06T16:08:11+03:00
saludo_con_solicitud,buenos dias,"Buenos dias, por favor me ayudan con la informacion",1,False,2025-06-19T18:26:32+03:00
saludo_con_solicitud,buenos dias,"Buenos dias, por favor me indica el celular en que operacion lo van a utilizar",1,False,2025-07-15T13:13:04+03:00
saludo_con_solicitud,buenos dias,"buenos dias, por favor me puede enviar el RUT para saber a nombre de quien se va a facturar",1,False,2025-07-03T15:24:29+03:00
saludo_con_solicitud,buenos dias,"buenos dias, pues para agilizar el tramite de la importacion, puede darme los datos para enviarle la fcatura proforma y los",1,False,2025-07-29T16:30:40+03:00
saludo_con_solicitud,buenos dias,"Buenos dias, que mas como estas! Ya pase la cotización a mi cliente, estoy a la espera pero creo estan buscado puntualmente el de la foto que te compartí, de todos modos aun estoy a la espera",1,False,2025-11-11T17:55:36+03:00
saludo_con_solicitud,buenos dias,"Buenos dias, reciban un cordial saludo, me permito solicitarles cotización de la siguiente bomba sumergible, le agradezco de su atención Especificaciones técnicas: Tipo: Bomba sumergible portátil, agua limpia/ligeramente cargada Alimentación: 110–120 VAC, 60 Hz, 1 fase Potencia: ≥ 1,1 kW Desempeño: ≥ 700 L/min @ 0 bar; ≥ 360 L/min @ 1 bar Profundidad inmersión: ≥ 18 m Paso de sólidos: ≥ 8 mm Aspiración plana: ≤ 4 mm de remanente Descarga: 2½” con conexión compatible NH/NST o BS 336 Cable: ≥ 20 m, tipo sumergible, con plug NEMA Dimensiones / peso: ≤ Ø 250 × 463 mm; ≤ 22 kg Construcción: Carcasa protectora, rejilla filtrante, asas de izaje Mantenimiento: Trampilla de inspección de sello; acceso rápido al impulsor Normativa: DIN 14425 o equivalente; manual en español; garantía ≥ 1 año",1,False,2025-10-03T17:34:05+03:00
saludo_con_solicitud,buenos dias,"Buenos dias, se ajusta al presupuesto",1,False,2025-07-09T16:20:37+03:00
saludo_con_solicitud,buenos dias,"buenos dias, se correcto, la cotizacion se les envio el dia 16 de julio",1,False,2025-08-14T19:27:43+03:00
saludo_con_solicitud,buenos dias,"Buenos dias, señor Alfonso, le estoy marcando a su celular, pero dice que esta desactivado, lo que necesito son los datos para poder facturar",1,False,2025-06-19T16:20:29+03:00
saludo_con_solicitud,buenos dias,"buenos dias, señor ALVARO, como esta, hablamos esta ,mañana respecto a la cotizacion que le habia enviado anteriormente",1,False,2025-08-12T17:56:38+03:00
saludo_con_solicitud,buenos dias,"buenos dias, señor Andres Rivera, soy Martin Aguilera, le comento lo siguiente, nosotros despachamos los equipos desde Bogota, Colombia a cualquier parte del pais o fuera de el, para despachos a Ecuador le podemos ofrecer las siguientes alternativas: 1ro, se puiede dejar en la Frontera y reclamar alla, 2do. si tienen algun amigo, familoiar o empleado aca en Colombia, pueden reclamamrlo en nuestra sede, 3ro, lo enviamos por la trasnportadora DHL o FEDEX, t 4to, si ustedes tienen cuenta con FEDEX o con DHL, pueden programar la recogida aqui en n uestra sede, estmos ubicados en Bogota, Calle 76 No. 20B-24 Oficina 207",1,False,2025-12-03T15:33:40+03:00
saludo_con_solicitud,buenos dias,"Buenos dias, señor Camilo, soy Martin Aguilera, por favor me puede suministrar un correo electronico para formalizarle la cotizacion",1,False,2025-10-02T16:14:35+03:00
saludo_con_solicitud,buenos dias,"Buenos dias, señor GERSON, en que le puedo colaborar,?? le he estado marcandoa su celular, pero se va abuzon",1,False,2025-07-25T15:50:57+03:00
saludo_con_solicitud,buenos dias,"buenos dias, señor Pedro Chaves, soy Martin Aguilera",1,False,2025-12-04T19:37:19+03:00
saludo_con_solicitud,buenos dias,"Buenos dias, señor Rosemberg, el equipo es de importacion y demora de 10 a 15 dias habiles, con abono del 70% para iniciar el proceso d eimportacion",1,False,2025-11-20T15:40:43+03:00
saludo_con_solicitud,buenos dias,"Buenos dias, señora Zoraida === SYSTEM WZ === An error occurred. The information has already been directed to Wazzup developers",1,False,2025-06-20T16:29:53+03:00
saludo_con_solicitud,buenos dias,"buenos dias, señorita Gerly, esa es la cotizacion",1,False,2025-09-11T19:10:43+03:00
saludo_con_solicitud,buenos dias,"buenos dias, señorita MARIANA, para poder sostenerle el precio, puede hacer un ABONO del 70%",1,False,2025-12-18T15:51:44+03:00
saludo_con_solicitud,buenos dias,"buenos dias, señorita Nohelia, NO tenemos sucursal en Venezuela, tood lo despachamos desde Bogota, Colombia, se puede dejar en la frontera, o en su defecto se envia directamente a la ciudad que lo requiera o lo pueden recoger directamente en Bogota",1,False,2025-12-03T15:22:46+03:00
saludo_con_solicitud,buenos dias,"buenos dias, señorita OLGA JARAMILLO, la presente es para saludarla, e informarle que hoy llegaqmos de vacaciones, y el termometro que esta solicitando lo tenemos para entrega inmediata, pueden pasar a recogerlo a la siguiente direccion",1,False,2026-01-05T16:14:15+03:00
saludo_con_solicitud,buenos dias,"buenos dias, señorita Rossy, soy Martin Aguilera, en que te puedo colaborar",1,False,2025-11-14T17:26:21+03:00
saludo_con_solicitud,buenos dias,"buenos dias, señorita Susan, soy MARTIN AGUILERA, le informo que hoy iniciamos labores, pues estabamos en vacaciones",1,False,2026-01-05T15:15:42+03:00
saludo_con_solicitud,buenos dias,"Buenos dias, si señora. anoche hablaste con el chatbot por eso no te la envio",1,False,2025-08-20T16:17:24+03:00
saludo_con_solicitud,buenos dias,"Buenos dias, soy MARTIN AGUILERA, su asesor, nosotros estamos ubicados en la Calle 76 No. 20B-24 oF. 207 Bogota, Colo,mbia, nuestro horario es de 7:30a 5:oo Lunes a Viernes",1,False,2025-12-11T16:22:05+03:00
saludo_con_solicitud,buenos dias,"Buenos dias, soy MARTIN AGUILERA, su asesor, nosotros estamos ubicados en la Calle 76 No. 20B-24 oF. 207 Bogota, Colo,mbia, nuestro horario es de 7:30a 5:oo Lunes a Viernes Tengo familia aya ya pasé la dirección para que un familiar mío vaya",1,False,2025-12-11T18:49:26+03:00
saludo_con_solicitud,buenos dias,"Buenos dias, sus medidas son 40.6 cm × 27.9 cm × 61.0 cm cuantas unidades necesitan",1,False,2025-10-28T19:21:56+03:00
saludo_con_solicitud,buenos dias,"Buenos dias, te estaba llamando para saber si continuan interesados en la compra del Floculador para la alcaldia",1,False,2025-09-17T18:02:53+03:00
saludo_con_solicitud,buenos dias,"Buenos dias, te habla Laura Duarte del area de compras de Asesorias y transacciones me podrias ayudar con la cot de : 1 - Contactor marca schneider 12amp 220 v 2 - Rele termico schneider 9-13",1,False,2026-02-16T19:06:59+03:00
saludo_con_solicitud,buenos dias,"Buenos dias, te llego con la anterior cotizacion, DESCUENTO 15 % .. Duo Detector automático de valores",1,False,2025-08-26T17:09:43+03:00
saludo_con_solicitud,buenos dias,"Buenos dias, viene - 50 boquillas para prueba activa",1,False,2025-09-15T18:58:04+03:00
saludo_con_solicitud,buenos dias,"Buenos dias. En atención a que las personas que deben recibir la capacitación en el adecuado uso cuidado y manejo del medidor de humedad, no disponen de espacio en su agenda para asistir al evento programado por ustedes para el día de hoy miercolds 25/02/2026, comedidamente le solicito el favor de reprogramarla para el dia miércoles 4/03/2026. Quedo atento. Muchas gracias",1,False,2026-02-25T15:38:21+03:00
saludo_con_solicitud,buenos dias,Buenos dias. Tienes depronto una maquina de hielo pero en escamas de unos 160 kilos diarios,1,False,2026-02-12T16:13:40+03:00
saludo_con_solicitud,buenos dias,"Buenos dias; por favor su apoyo con la consulta de stock; precio y disponibilidad para una cantidad de 8 unidades. Hubbell HBL460P5W | Enchufe, 60 A, 3F, 600 V CA, 3 polos + Tierra HBL460P5W | Enchufe, 60 A, trifásico, en triángulo, 600 V CA, 3 polos, 4 hilos, conexión a tierra",1,False,2025-09-17T20:16:10+03:00
saludo_con_solicitud,buenos dias,"Buenos días , por supuesto se pagará el miercoles 30 o sino el 2 de mayo por lo que el 1 es festivo",1,False,2025-04-28T20:42:10+03:00
saludo_con_solicitud,buenos dias,"Buenos días disculpe quiera saber cuánto cuesta solo la veleta y trípode de la estación meteorológico inalámbrico Pasco ps 3209, agradezco su respuesta saludos Maritza",1,False,2025-08-20T17:58:14+03:00
saludo_con_solicitud,buenos dias,Buenos días el que necesito es Ashcroft dial de 4 “ acero inoxidable c rango 0-6000 psi con toma inferior de 1/4”,1,False,2025-09-18T17:40:57+03:00
saludo_con_solicitud,buenos dias,Buenos días eso precio es por unidad,1,False,2025-06-25T17:07:31+03:00
saludo_con_solicitud,buenos dias,Buenos días esos tres aparatos son del medidor,1,False,2025-08-21T13:42:06+03:00
saludo_con_solicitud,buenos dias,"Buenos días Gracias, pero me había ofrecido el 19% de descuento",1,False,2025-06-20T17:15:06+03:00
saludo_con_solicitud,buenos dias,"Buenos días gracias. El medidor que nos pide la empresa de Acueducto de Cajicá es el que estamos cotizando. No tengo conocimiento si este que ustedes ofrecen lo acepté la empresa, voy a acercarme a realizar la consulta",1,False,2025-06-20T15:56:22+03:00
saludo_con_solicitud,buenos dias,Buenos días ingeniero Carlos le habla Luis de Automatizando SAS. Pirometro 9300 CAL ENTRADA: TERMOCUPLA TIPO K. SALIDAS: A RELE RELE. 1 UD,1,False,2025-08-25T18:49:04+03:00
saludo_con_solicitud,buenos dias,Buenos días La propuesta ya se pasó al área logística ellos son los encargados ya de validar aprobaciones,1,False,2025-06-04T19:11:27+03:00
saludo_con_solicitud,buenos dias,Buenos días Maria le escribe Sebastian rojas de Ambienciq Ingenieros,1,False,2026-03-03T17:31:28+03:00
saludo_con_solicitud,buenos dias,"Buenos días Martín, necesito un equipo que por lo menos mida desde 1 mm de espesor, ojalá 0.7 mm. Por lo que hablamos entiendo que ese no cumple",1,False,2025-08-04T15:19:27+03:00
saludo_con_solicitud,buenos dias,Buenos días necesitas algo para el día de hoy,1,False,2025-06-09T15:53:06+03:00
saludo_con_solicitud,buenos dias,Buenos días No tiene una más económica,1,False,2025-06-24T16:38:57+03:00
saludo_con_solicitud,buenos dias,Buenos días nuestra principal es en Colombia Y EEUU Miami pero hacemos envíos a todo centro y sur américa,1,False,2025-10-02T21:04:30+03:00
saludo_con_solicitud,buenos dias,Buenos días por favor me confirma con esta cotización gracias,1,False,2026-01-15T04:31:49+03:00
saludo_con_solicitud,buenos dias,Buenos días Quedó atento a la ficha técnica solicitada,1,False,2025-10-22T15:48:30+03:00
saludo_con_solicitud,buenos dias,Buenos días quisiera saber si ustedes venden CT's de 250/5 A 0.5s Tipo Ventana,1,False,2025-10-07T18:48:59+03:00
saludo_con_solicitud,buenos dias,Buenos días ya que no responden telefónicamente me puedo comunicar con un asesor gracias,1,False,2025-09-25T17:24:25+03:00
saludo_con_solicitud,buenos dias,Buenos días! La cotización ya se envió a la persona responsable. Te estaré comunicando la decisión. Dordial saludo,1,False,2025-06-16T23:16:42+03:00
saludo_con_solicitud,buenos dias,"Buenos días, adjunto la video de funcionamiento solicitado para su revisión. Quedamos atentos a cualquier consulta u observación que pueda tener. Estamos a su disposición.”",1,False,2025-06-26T17:05:18+03:00
saludo_con_solicitud,buenos dias,"Buenos días, aun estan consultando, es que aca todos los pagos se hacen a credito entonces es dificil la aprobación, pero mejor yo te digo el día que lo aprueben",1,False,2025-10-15T19:29:32+03:00
saludo_con_solicitud,buenos dias,"Buenos días, aun no han resuelto mi inquietud sobre disponibilidad de objetivos adicionales",1,False,2025-06-24T16:14:19+03:00
saludo_con_solicitud,buenos dias,"Buenos días, como estas? claro que si me llego no te preocupes",1,False,2025-09-13T17:16:20+03:00
saludo_con_solicitud,buenos dias,"Buenos días, Comprar con nosotros es muy fácil y seguro. Para avanzar con el envío de la proforma, por favor compártenos los documentos de la empresa. Una vez recibidos, podrás realizar el pago cómodamente mediante giro internacional o a través de nuestras opciones de pago en línea. Estamos atentos para acompañarte en cada paso del proceso",1,False,2025-08-22T19:33:57+03:00
saludo_con_solicitud,buenos dias,"Buenos días, cuentan con acople tipo falk con grilla y recubrimiento",1,False,2025-10-07T18:30:56+03:00
saludo_con_solicitud,buenos dias,"buenos días, en este momento estan frenadas las compras de contado, como te he dicho pedimos la cotización pero cuando lo necesitemos te avisamos. Gracias",1,False,2025-10-23T19:39:44+03:00
saludo_con_solicitud,buenos dias,"buenos días, es que no me carga el link",1,False,2025-11-14T19:09:20+03:00
saludo_con_solicitud,buenos dias,"Buenos días, es que no me fue respondido el tema de ficha técnica del equipo",1,False,2025-06-12T19:00:25+03:00
saludo_con_solicitud,buenos dias,"Buenos días, esta es para 15.85 bares o 230 psi y ´para adquirirla Para la factura proforma, por favor me compartes tu RUT Actualizado para crearlo o actualizar la información en el sistema, confirmando: * E-mail habilitado para facturación electrónica * Día de cierre contable * Dirección y ciudad de despacho * Cel y nombre de la persona que recibe",1,False,2025-10-02T19:52:08+03:00
saludo_con_solicitud,buenos dias,"Buenos días, este dron de la cotización es el Mavic Mini 2, y si me puede enviar la ficha técnica y todo lo trae el dron",1,False,2025-10-08T17:50:15+03:00
saludo_con_solicitud,buenos dias,"Buenos días, estimado nos encontramos en proceso presupuestal del proyecto por lo cual requerimos el costo - día de programador para este panel",1,False,2025-11-25T17:09:42+03:00
saludo_con_solicitud,buenos dias,"Buenos días, estos son los pasos de las cadenas de paso largo, por si los necesitan 7cm x 3 cm",1,False,2026-01-22T16:35:01+03:00
saludo_con_solicitud,buenos dias,"Buenos días, estoy interesado en generador yorkin de 9kva precio donde se encuentran en Barranquilla. Gracias",1,False,2025-06-20T16:14:21+03:00
saludo_con_solicitud,buenos dias,"Buenos días, gracias por la información",1,False,2025-09-22T16:17:51+03:00
saludo_con_solicitud,buenos dias,"Buenos días, me gustaría saber el máximo m3 hora y la presión máxima de trabajo del medidor que coticé",1,False,2025-06-27T18:20:35+03:00
saludo_con_solicitud,buenos dias,"Buenos días, me gustaría ver mas opciones",1,False,2025-06-24T17:39:09+03:00
saludo_con_solicitud,buenos dias,"Buenos días, me interesa pero los tiempos de entrega son muy altos",1,False,2025-08-01T16:49:33+03:00
saludo_con_solicitud,buenos dias,"Buenos días, me parece bien, pero yo estoy ubicado en Guatape Antioquía",1,False,2025-07-09T17:20:47+03:00
saludo_con_solicitud,buenos dias,"Buenos días, muchas gracias. Es posible que la cotización quede a nombre de la empresa: Universidad del Cauca con el nit. De ser posible en .pdf",1,False,2025-11-06T16:47:21+03:00
saludo_con_solicitud,buenos dias,"Buenos días, muchas gracias. Te ofrezco una disculpa, me incluyeron en una reunión que me desconectó completamente del whatsapp",1,False,2025-07-07T17:00:04+03:00
saludo_con_solicitud,buenos dias,"Buenos días, necesitamos 1 Pértiga para envío a Panamá",1,False,2025-10-17T16:06:46+03:00
saludo_con_solicitud,buenos dias,"Buenos días, no no tenia ninguna duda, pero si recibi una cotización con otra empresa más favorable",1,False,2025-04-15T18:06:38+03:00
saludo_con_solicitud,buenos dias,"Buenos días, podrías darme un número para comunicarme con el área comercial",1,False,2026-02-04T17:08:53+03:00
saludo_con_solicitud,buenos dias,"Buenos días, por favor recuerden mi cotización, gracias",1,False,2025-07-17T17:01:52+03:00
saludo_con_solicitud,buenos dias,"Buenos días, pregunta sobre este instrumento, veo que tiene un intervalo amplio en altas presiones, pero si necesito medir bajas presiones, ejemplo: de 0 a 200mbar? o de 0 a 50mmWC?, lo puedo hacer con este instrumento",1,False,2025-08-13T16:32:43+03:00
saludo_con_solicitud,buenos dias,"Buenos días, que precio cuesta este",1,False,2025-08-04T18:14:54+03:00
saludo_con_solicitud,buenos dias,"Buenos días, quería saber si ustedes tienen a la venta módulo bosh D7044M",1,False,2025-11-05T16:30:40+03:00
saludo_con_solicitud,buenos dias,"Buenos días, se detuvo el proceso ya que se busca realizar la compra completa",1,False,2025-08-27T16:09:54+03:00
saludo_con_solicitud,buenos dias,"Buenos días, sería tan amable en regalarme la ficha técnica de esta báscula? Que capacidad tiene",1,False,2025-10-15T16:19:06+03:00
saludo_con_solicitud,buenos dias,"Buenos días, Solicito su colaboración para cotizar lo siguiente: cotizar el siguiente componente: • Descripción del producto: Pelacables Klein Tools - Wire Stripper/Cutter • Especificaciones técnicas: o Marca: Klein Tools o Part Number: 1011 • Cantidad: 40 unidades",1,False,2026-03-03T17:04:27+03:00
saludo_con_solicitud,buenos dias,"Buenos días, también suministran biorreactores de 250ml",1,False,2025-07-08T18:14:12+03:00
saludo_con_solicitud,buenos dias,"Buenos días, tenemos las bombas pero necesitamos accesorios de repuesto, cuentan con los accesorios",1,False,2025-10-17T20:44:33+03:00
saludo_con_solicitud,buenos dias,"Buenos días, tiene el certificado de calibración",1,False,2026-02-27T20:30:55+03:00
saludo_con_solicitud,buenos dias,"Buenos días, Uds dónde están ubicados",1,False,2025-07-03T16:52:57+03:00
saludo_con_solicitud,buenos dias,"Buenos días, voy a revisar y si algo te confirmo, gracias",1,False,2025-06-12T15:15:57+03:00
saludo_con_solicitud,buenos dias,"Buenos días, yo quería un molino más doméstico más económico. gracias por su atención",1,False,2025-06-16T18:16:41+03:00
saludo_con_solicitud,buenos dias,Buenos días. El tema se puso en consideración del Comité y se buscaron otras cotizaciones de características similares y se encontró una mejor oferta y ya se compró. Agradezco mucho su gestión y apoyo,1,False,2025-11-05T16:15:00+03:00
saludo_con_solicitud,buenos dias,"Buenos días. Hace días les escribe para solicitar una cotización, agradecería la gestión. Gracias",1,False,2025-05-15T16:15:17+03:00
saludo_con_solicitud,buenos dias,Buenos días. Me podrían colaborar con la cotización. Gracias,1,False,2025-05-13T18:11:04+03:00
saludo_con_solicitud,buenos dias,Buenos días. Necesito 2 espejos redondos convexos de 40 cms de diámetro para un conjunto de propiedad horizontal. ¿Qué costo tienen,1,False,2025-06-17T18:33:39+03:00
saludo_con_solicitud,buenos dias,"Buenos días. Perfecto. Los resultados de la convocatoria serán a mediados d enoviembre. En caso de que nuestra asociación sea favorecido, la entidad enviará directamente la orden de compra a los proveedores inscritos. Mil gracias",1,False,2025-10-30T09:43:30+03:00
saludo_con_solicitud,buenos dias,Buenos días. Por favor me ayudas actualizando esta cotización,1,False,2025-10-20T15:11:56+03:00
saludo_con_solicitud,buenos dias,"Buenos días. Por favor me podría informar acerca de lo siguiente: hace aproximadamente un mes adquirímos un medidor de humedad de granos, el cual no tenemos mucho conocimiento en su uso, manejo y mantenimiento adecuado. Por lo anterior, de manera continua he estado solicitando una inducción acerca de lo mencionado, pero no he obtenido respuesta. E. Quedo atento. Gracias",1,False,2026-02-19T15:57:20+03:00
saludo_con_solicitud,buenos dias,Buenos días. Por favor me podrían informar del por qué aún no me han dado respuesta a la solicitud que les he realizado en varias ocasiones acerca de la inducción para el manejo del medidor de humedad de granos que les compré hace cerca de dos meses. Resulta mejor que me digan que no me van a atender que seguirme engañando. Disculpe. Gracias,1,False,2026-02-23T17:50:59+03:00
saludo_con_solicitud,buenos dias,Buenos días. Recibida la cotización. Gracias,1,False,2025-07-07T17:18:40+03:00
saludo_con_solicitud,buenos dias,Buenos días. Si yo les confirmo,1,False,2025-06-26T17:00:30+03:00
saludo_con_solicitud,buenos,"Buenos idas, señor NELSON, le acabo de marcar a su celular, pero se va abuzon, la presente es para comunicarle que el equipo cotizado",1,False,2025-09-25T18:04:49+03:00
saludo_con_solicitud,buenos,"Buenos tardes, Se actualiza la propuesta incluyendo las dos referencias que comercializamos. Estamos muy atentos a sus órdenes y disponibles para atender cualquier consulta adicional que pueda surgir. Saludos cordiales",1,False,2025-08-22T23:45:39+03:00
saludo_con_solicitud,cordial saludo,"Cordial saludo el siguiente mensaje para enviarte el formato de inicio del proceso de devolución de dinero, lo debes diligenciar y enviar con la certificación Bancaria Feliz dia",1,False,2025-12-02T20:29:28+03:00
saludo_con_solicitud,cordial saludo,Cordial saludo existe algún número para poder comunicarme con algún asesor,1,False,2026-03-11T21:34:42+03:00
saludo_con_solicitud,cordial saludo,"Cordial Saludo La máquina de hielo en cubitos **Coldmax SK-1000P** produce cubos de hielo con un tamaño estándar de **2.2 cm x 2.2 cm x 2.2 cm**. Este tamaño no es configurable, ya que el equipo está diseñado para generar cubos uniformes ideales para aplicaciones comerciales como restaurantes, hoteles y pescaderías",1,False,2025-09-23T02:14:36+03:00
saludo_con_solicitud,cordial saludo,Cordial saludo para preguntar por el tema de garantía del producto,1,False,2026-03-12T23:14:56+03:00
saludo_con_solicitud,cordial saludo,"Cordial Saludo Permíteme un momento por favor, estamos trabajando en tu solicitud✅",1,False,2025-03-27T23:45:41+03:00
saludo_con_solicitud,cordial saludo,"Cordial Saludo Permíteme un momento por favor, estamos trabajando en tu solicitud✅ Gracias",1,False,2025-03-27T23:48:22+03:00
saludo_con_solicitud,cordial saludo,Cordial Saludo se actualiza con compactadora de las diferentes rangos quedamos atentos a sus ordenes,1,False,2025-09-12T22:47:52+03:00
saludo_con_solicitud,cordial saludo,Cordial Saludo se actualiza con compactadora de las diferentes rangos quedamos atentos a sus ordenes === SYSTEM WZ === La plantilla de marketing no se puede enviar a este cliente en este momento debido a la limitación de mensajes de marketing. Inténtelo de nuevo más tarde o envíe una plantilla de otra categoría,1,False,2025-09-12T22:48:00+03:00
saludo_con_solicitud,cordial saludo,Cordial saludo! Le comparto guia de despacho ENVIA - 014146374971 Te comparto nuestro portafolio para una próxima ocasión. https://www.viaindustrial.com/catalogo-instrumentacion-ferreteria-suplementos-industriales/ Esperamos poder servirte nuevamente,1,False,2025-03-29T18:41:27+03:00
saludo_con_solicitud,cordial saludo,"cordial saludo, al abrir el enlace encontrar ala oferta",1,False,2025-06-19T12:29:04+03:00
saludo_con_solicitud,cordial saludo,"Cordial saludo, Al realizar la compra con nosotros, contará con todo el respaldo necesario para el manejo del equipo, así como con recomendaciones detalladas para su uso e instalación. Estamos comprometidos con brindar una experiencia confiable y acompañarlo en cada etapa del proceso",1,False,2025-06-19T22:33:07+03:00
saludo_con_solicitud,cordial saludo,"Cordial saludo, gracias por comunicarse con el Conjunto Residencial Fontana 6",1,False,2025-05-27T18:49:11+03:00
saludo_con_solicitud,cordial saludo,"Cordial saludo, Gracias por comunicarse con la línea administrativa de Suministros Eléctricos e Industriales del Putumayo SAS. Nuestro horario de atención es de lunes a viernes, de 8:00 am a 5:00 pm. Le invitamos a dejar su inquietud o enviarnos un correo a contacto@seip.com.co. Estaremos encantados de atenderle a la brevedad posible. Agradecemos su comprensión y le deseamos un excelente día",1,False,2026-01-13T14:12:22+03:00
saludo_con_solicitud,cordial saludo,"Cordial saludo, gracias por tu mensaje. Estoy aquí para apoyarte en lo que necesites para avanzar con el trámite. ¿Hay algún detalle específico en el que pueda ayudarte? === SYSTEM WZ === La plantilla de marketing no se puede enviar a este cliente en este momento debido a la limitación de mensajes de marketing. Inténtelo de nuevo más tarde o envíe una plantilla de otra categoría",1,False,2025-11-21T17:50:13+03:00
saludo_con_solicitud,cordial saludo,"Cordial saludo, ¿cómo estás? El siguiente mensaje es para enviarte el formato de inicio de devolución; por favor envíalo diligenciado junto con la certificación bancaria. Feliz dia",1,False,2026-01-21T17:55:14+03:00
saludo_con_solicitud,hhola,hhola me ayudas con esto x fis,1,False,2025-11-14T23:51:31+03:00
saludo_con_solicitud,hi,Hi esta incluido El transporte,1,False,2025-06-12T23:55:10+03:00
saludo_con_solicitud,hola,"Hola , por favor para cotizar torres de iluminación",1,False,2025-09-30T17:53:44+03:00
saludo_con_solicitud,hola,Hola 1 año de garantía directo con nosotros :),1,False,2025-06-17T18:54:02+03:00
saludo_con_solicitud,hola,hola 1 año de grantia direco von nosotros ficha: https://www.viaindustrial.com/detector-de-humo-pila-9-voltios-ce-rohds-ec-ef-s3-eifa/pp/P102415/,1,False,2025-06-27T23:18:46+03:00
saludo_con_solicitud,hola,hola abre y mira la ultima tecnologia,1,False,2025-11-05T20:40:32+03:00
saludo_con_solicitud,hola,"Hola Alexander, como puedo ayudarte",1,False,2025-07-08T00:19:45+03:00
saludo_con_solicitud,hola,Hola algun numero para llamar y conversar con un asesor,1,False,2025-07-01T22:02:48+03:00
saludo_con_solicitud,hola,"Hola Ana buenas tardes, no me registra cotización de 4millones. Me confirmas el Numero o me envias el link que te compartimos para validar por favor. Quedo atenta para colaborarte",1,False,2025-10-03T01:46:10+03:00
saludo_con_solicitud,hola,"Hola Ana buenas tardes, no me registra cotización de 4millones. Me confirmas el Numero o me envias el link que te compartimos para validar por favor. Quedo atenta para colaborarte. === SYSTEM WZ === Mensaje no enviado. Aumente su suscripción para escribir primero y enviar plantillas WABA",1,False,2025-10-03T01:46:11+03:00
saludo_con_solicitud,hola,"Hola Andrea buenas tardes, podrias indicarme si aun estan interesados en la compra del deshumidificador",1,False,2025-09-09T23:45:01+03:00
saludo_con_solicitud,hola,"Hola Andrea buenas tardes, por favor me informas si desean continuar con la compra",1,False,2025-12-12T23:34:29+03:00
saludo_con_solicitud,hola,"Hola Andrea buenos dias, cuentame revisaste la factura proforma",1,False,2025-11-25T19:14:34+03:00
saludo_con_solicitud,hola,"Hola Andrea buenos dias, cuentame si necesitan algo mas para continuar con el proceso de la compra",1,False,2025-11-28T19:48:47+03:00
saludo_con_solicitud,hola,"Hola Andrea, perfecto quedo muy atenta",1,False,2025-09-12T05:02:51+03:00
saludo_con_solicitud,hola,Hola Andres buenos días. Con la compra del medidor te damos una capacitación para el Uso sin Ningún costo adicional. Te envio el link con la información técnica: https://www.viaindustrial.com/medidor-de-flujo-ultrasonico-3-pulgadas-proyectos-sectorizacion-ultra-tt-3-equysis/pp/P238055/,1,False,2026-02-18T14:19:44+03:00
saludo_con_solicitud,hola,Hola Angela gracias por la información tal vez tienes una de menor precio,1,False,2025-08-18T19:30:57+03:00
saludo_con_solicitud,hola,hola Angela Valencia 3246847017,1,False,2025-07-24T02:41:01+03:00
saludo_con_solicitud,hola,"Hola Brenda, indicame cual referencia necesitan",1,False,2025-10-17T01:02:03+03:00
saludo_con_solicitud,hola,hola buen dia === SYSTEM WZ === La plantilla de marketing no se puede enviar a este cliente en este momento debido a la limitación de mensajes de marketing. Inténtelo de nuevo más tarde o envíe una plantilla de otra categoría,1,False,2025-11-22T00:31:56+03:00
saludo_con_solicitud,hola,Hola buen dia espero estén muy bn,1,False,2025-09-11T20:00:30+03:00
saludo_con_solicitud,hola,hola buen dia regalame un segundo ya vuelvo a validar,1,False,2025-09-26T17:01:06+03:00
saludo_con_solicitud,hola,"hola buen dia, https://www.viaindustrial.com/cotizacion.asp?CotCliente=1216941&token=456353&p=P104196",1,False,2025-06-17T08:11:38+03:00
saludo_con_solicitud,hola,"Hola buen dia, pero esa referencia es de panel solar necesito uno que sea de conexión eléctrica",1,False,2025-07-16T19:20:37+03:00
saludo_con_solicitud,hola,"hola buen dia, ustedes iban a comprar unso manometros, acabo de llamar, queriamos saber si desistieron d ela compra o aun los van adquirir, siempre para servirles",1,False,2025-06-26T23:47:46+03:00
saludo_con_solicitud,hola,"Hola buen dia, ya reviso, muchisimas gracias",1,False,2025-06-27T20:31:51+03:00
saludo_con_solicitud,hola,"hola buen dìa, https://www.viaindustrial.com/cotizacion.asp?CotCliente=1231637&token=461864&p=P250961",1,False,2025-08-12T16:40:39+03:00
saludo_con_solicitud,hola,"hola buen dìa, no manejamos precio al por mayor pero daremos un buen dsto por cantidad",1,False,2025-11-15T00:33:56+03:00
saludo_con_solicitud,hola,"hola buen dìa, no manejamos precio al por mayor pero daremos un buen dsto por cantidad De cuanto el stop",1,False,2025-11-15T00:34:28+03:00
saludo_con_solicitud,hola,"hola buen dìa, oferta modificada https://www.viaindustrial.com/cotizacion.asp?CotCliente=1227432&token=460287&p=P112585",1,False,2025-08-01T22:50:03+03:00
saludo_con_solicitud,hola,"Hola buen día Ale, lamento la demora. Si manejo la Dorland, es una excelente marca y te puedo sostener el 16% de DESCUENTO. Ustedes son los usuarios finales",1,False,2025-11-12T16:39:28+03:00
saludo_con_solicitud,hola,"Hola buen día Alessia, lamento la demora teníamos un error en el sistema de mensajes. El tiempo de entrega de Espejo de inspección telescópico es de 8-15 días a la dirección que me indiques en Peru. Te sirve este tiempo de entrega",1,False,2025-07-03T19:14:35+03:00
saludo_con_solicitud,hola,"Hola buen día Brianna, te envio el link con la información técnica del equipo, si necesitas alguna información adicional me indicas y con gusto te colaboro",1,False,2025-09-29T15:26:47+03:00
saludo_con_solicitud,hola,Hola buen día Daniela te envio el link con la información: https://www.viaindustrial.com/traje-impermeable-fumigar-pintar-overol-antifluidos-quimicos-tr-ov-fl-tyvek-qc/pp/P241486/,1,False,2025-09-10T17:08:05+03:00
saludo_con_solicitud,hola,"Hola buen día don Antonio, Cuéntame que equipo estas interesado en comprar",1,False,2025-11-05T15:24:09+03:00
saludo_con_solicitud,hola,"Hola buen día don Cesar, lamentamos la demora, hemos tenido un alto flujo de mensajes. Te envio el link de nuestro portafolio de productos. Que equipo estas buscando",1,False,2025-12-16T14:01:06+03:00
saludo_con_solicitud,hola,Hola buen día don Héctor. Cuéntame cómo te fue con la cotización,1,False,2025-07-28T14:23:36+03:00
saludo_con_solicitud,hola,"Hola buen día don Jose, Si gustas te las facturo y te las llevamos a la dirección que me indiques",1,False,2025-07-29T13:58:37+03:00
saludo_con_solicitud,hola,"Hola buen día don Juan Camilo, Cuéntame en que te puedo colaborar con gusto",1,False,2025-06-24T17:45:01+03:00
saludo_con_solicitud,hola,"Hola buen día don Omar, Te reenvio el link de la cotización del lector de huella. Te cuento que en el momento cuenta con el 10% de DESCUENTO. El Lector te va permitir si te va a permitir identificar a la persona siempre y cuando la información la tengas registrada en tu base de datos",1,False,2025-10-16T14:06:40+03:00
saludo_con_solicitud,hola,"Hola buen día doña Adriana, cuéntame en que te puedo colaborar con gusto. Cómo te fue con la cotización enviada",1,False,2025-06-18T14:42:50+03:00
saludo_con_solicitud,hola,"Hola buen día doña Maria Inés, pudiste revisar el link de la cotización actualizada con el DESCUENTO? Cuéntame cómo te fue",1,False,2025-07-07T19:31:27+03:00
saludo_con_solicitud,hola,Hola buen día doña Mónica. Cuéntame pregunta tienes para la compra,1,False,2024-06-12T00:29:24+03:00
saludo_con_solicitud,hola,Hola buen día ese presupuesto que me pasaste con envío es por la empresa UPS y hasta la dirección que te pase en Venezuela,1,False,2025-07-18T13:42:17+03:00
saludo_con_solicitud,hola,Hola buen día esto sirve para plátano,1,False,2025-11-28T17:16:19+03:00
saludo_con_solicitud,hola,"Hola buen día gracias por la información, me confirmas si este sería el costo con flete a Bahamas",1,False,2025-06-27T20:47:12+03:00
saludo_con_solicitud,hola,Hola Buen día hablas con Maicol,1,False,2025-10-30T16:33:20+03:00
saludo_con_solicitud,hola,"Hola buen día Karent, cuéntame cómo te termino de ir con la cotización? Envíame tus datos para facturarte y enviar las pruebas a la dirección que me indiques",1,False,2025-06-24T16:04:54+03:00
saludo_con_solicitud,hola,"Hola buen día lamentamos la demora. Me confirmas el Nit o Cédula y dirección de entrega para enviarte la factura proforma y todos los datos bancarios, por favor",1,False,2025-06-12T18:03:50+03:00
saludo_con_solicitud,hola,Hola buen día lamento la demora. Tenemos un alto flujo de mensajes en el momento. En este momento si los tengo disponibles en Zona franca Bogotá. ya valido el tema de la certificación y te envio la proforma por las 3 unidades,1,False,2025-10-10T22:13:48+03:00
saludo_con_solicitud,hola,"Hola buen día Leidy, ventilador de baño Broan lo tengo disponible para importación de 10-15 días. Te sirve este tiempo de entrega? Te lo facturo",1,False,2025-06-12T23:14:43+03:00
saludo_con_solicitud,hola,Hola buen día Maria. Te envio el link con la información técnica del sensor ahuyentador. Te genero la proforma? https://www.viaindustrial.com/sensor-repelente-ahuyentador-de-animales-por-ultrasonido-y-luz-b0d3lndh3l-qualirey/pp/P114385/,1,False,2025-10-29T16:30:53+03:00
saludo_con_solicitud,hola,"Hola buen día Nicolas, seria solo el suministro del medidor. En el momento no contamos con servicio de Instalación",1,False,2025-10-02T18:28:03+03:00
saludo_con_solicitud,hola,"hola buen día no, solo estamos en Bogotá",1,False,2025-08-09T03:43:20+03:00
saludo_con_solicitud,hola,hola buen día oferta corregida con el item solicitado: https://www.viaindustrial.com/cotizacion.asp?CotCliente=1243627&token=466360&p=P381379,1,False,2025-09-27T21:31:58+03:00
saludo_con_solicitud,hola,Hola buen día Soy Estefania. Cuéntame cómo te fue con la cotización,1,False,2025-11-05T00:15:36+03:00
saludo_con_solicitud,hola,Hola buen día tendríamos que evaluar,1,False,2025-07-15T17:51:34+03:00
saludo_con_solicitud,hola,"Hola buen día, claro que si te envio el link con la información, si necesitas algún dato adicional me indicas y con gusto te colaboro",1,False,2026-01-15T17:36:13+03:00
saludo_con_solicitud,hola,"Hola buen día, claro que si ya te envio la información",1,False,2025-06-05T23:15:14+03:00
saludo_con_solicitud,hola,"Hola buen día, Claro que si. Envíame tus datos para la factura y la dirección de entrega para continuar con el proceso",1,False,2025-07-24T16:02:58+03:00
saludo_con_solicitud,hola,"Hola buen día, como quedamos ayer en la llamada envió oferta en pdf, siempre para servirles >> >> Disculpe no veo la propuesta",1,False,2025-09-04T19:47:21+03:00
saludo_con_solicitud,hola,"hola buen día, con gusto el lunes te llamo y despejamos todas las dudas, la hora y dìa esta bien",1,False,2025-07-05T07:04:19+03:00
saludo_con_solicitud,hola,"Hola buen día, en el momento de segunda no manejo pero cuéntame con que características y presupuesto la buscas y veo cual te puedo ofrecer",1,False,2025-10-01T16:16:02+03:00
saludo_con_solicitud,hola,"Hola buen día, en el momento el Sabre lo tengo agotado. Recuerda que el M8 tiene el 10% de DESCUENTO por los siguientes 3 días. Te lo facturo",1,False,2025-07-23T14:48:41+03:00
saludo_con_solicitud,hola,"Hola buen día, En el momento solo estamos prestando el servicio a los equipos adquiridos con nosotros, me confirmas el Nit o Cedula con el que hiciste la compra para enviarte la cotización",1,False,2025-10-22T22:53:28+03:00
saludo_con_solicitud,hola,"Hola buen día, en este momento en cotización se encuentra en Dólares",1,False,2025-08-06T18:22:29+03:00
saludo_con_solicitud,hola,"HOLA buen día, en le momento solo manejo estas dos la ofertada y esta otra https://www.viaindustrial.com/cotizacion.asp?CotCliente=1220093&token=457535&p=P325379",1,False,2025-07-02T17:15:25+03:00
saludo_con_solicitud,hola,"HOLA buen día, en le momento solo manejo estas dos la ofertada y esta otra https://www.viaindustrial.com/cotizacion.asp?CotCliente=1220093&token=457535&p=P325379 me puedes regalar la cotización del segundo que ese es el que estamos buscando. carretilla de mano",1,False,2025-07-02T17:42:56+03:00
saludo_con_solicitud,hola,"hola buen día, Entrega: 8 a 10 DIAS me toca traerte de Miami",1,False,2025-12-15T12:17:32+03:00
saludo_con_solicitud,hola,"Hola buen día, espero te encuentres muy bien",1,False,2025-05-15T15:46:19+03:00
saludo_con_solicitud,hola,"hola buen día, esta es la oferta con el costo de envió a Bolivia desde Colombia. Este valor cubre solo el envió a su destino, mas no cubre impuestos, dado caso que su país lo cobre",1,False,2025-08-14T02:32:39+03:00
saludo_con_solicitud,hola,"hola buen día, esta es la oferta segun lo que nos indica https://www.viaindustrial.com/cotizacion.asp?CotCliente=1234099&token=462787&p=P381209",1,False,2025-08-28T18:03:37+03:00
saludo_con_solicitud,hola,"hola buen día, estuvimos marcando y no hubo respuesta, estaremos atentos para nueva coordinación de Reunión con gusto estamos para servirte y espejar tus inquietudes. Te marcamos gerencia y yo del 324 6847017",1,False,2025-07-07T16:52:42+03:00
saludo_con_solicitud,hola,"hola buen día, exactamente el mismo no lo tengo no disponible, lo que hice fue ofertartr alternativa similar",1,False,2025-12-18T14:15:10+03:00
saludo_con_solicitud,hola,"Hola buen día, gracias por informar, te comparto el nuevo enlace",1,False,2026-03-04T18:21:43+03:00
saludo_con_solicitud,hola,"hola buen día, https://www.viaindustrial.com/controlador-de-guiado-nav-900-nav-900-nav/pp/P381175/",1,False,2025-08-24T04:12:13+03:00
saludo_con_solicitud,hola,"hola buen día, https://www.viaindustrial.com/cotizacion.asp?CotCliente=1235482&token=463306&p=P251546",1,False,2025-08-27T18:57:13+03:00
saludo_con_solicitud,hola,"hola buen día, https://www.viaindustrial.com/cotizacion.asp?CotCliente=1264061&token=474023&p=P247421",1,False,2025-12-24T00:58:58+03:00
saludo_con_solicitud,hola,"hola buen día, https://www.viaindustrial.com/guantes-criogen-long-hastacodo-ll-pr-g99crberlgel-national-safety-apparel/pp/P189707/",1,False,2025-08-21T22:06:28+03:00
saludo_con_solicitud,hola,"hola buen día, la oferta con flete es esta https://www.viaindustrial.com/cotizacion.asp?CotCliente=1226488&token=459933&p=P244729 pero el item cambia el bionaire ya no lo comercializamos",1,False,2025-07-23T19:54:07+03:00
saludo_con_solicitud,hola,"Hola buen día, lamento la demora teniamos un error en el sistema de mensajes. Te confirmo que ya enviamos la cotización a los correos indicados. Me confirmas si te llego",1,False,2025-08-27T15:32:45+03:00
saludo_con_solicitud,hola,"Hola buen día, lamento la demora teníamos un error en el sistema de mensajes. Los indicadores los tenemos para importación de 8-12 días. Podemos iniciar el proceso con el abono del 70% y el restante para la entrega",1,False,2025-07-15T17:49:41+03:00
saludo_con_solicitud,hola,"Hola buen día, lamento la demora. Correcto, Te envio el link la información del detector. Te genero la proforma? Para que aproveches el DESCUENTO",1,False,2025-12-18T19:04:17+03:00
saludo_con_solicitud,hola,"Hola buen día, lamento la demora. Envio la cotización en PDF con el DESCUENTO para que puedas descargarla. Te genero la proforma para que aproveches el DESCUENTO",1,False,2025-11-18T18:45:45+03:00
saludo_con_solicitud,hola,"Hola buen día, lamento la demora. La cotización es solo por el equipo, en el momento no contamos con instalación. Ustedes son los usuarios finales",1,False,2025-10-17T01:01:36+03:00
saludo_con_solicitud,hola,"Hola buen día, lamento la demora. La cotización es solo por el equipo, en el momento no contamos con instalación. Ustedes son los usuarios finales? === SYSTEM WZ === La plantilla de marketing no se puede enviar a este cliente en este momento debido a la limitación de mensajes de marketing. Inténtelo de nuevo más tarde o envíe una plantilla de otra categoría",1,False,2025-10-17T01:01:44+03:00
saludo_con_solicitud,hola,"Hola buen día, lamento la demora. seagull es procedencia chino, excelente calidad y tiene garantia 1 año. Me confirmas si te llego el PDF",1,False,2025-07-24T17:20:56+03:00
saludo_con_solicitud,hola,"Hola buen día, lamento la demora. Te envio el link con la información tecnica. Quedo atenta cualquier cosa",1,False,2026-01-14T23:13:27+03:00
saludo_con_solicitud,hola,"Hola buen día, lamento la demora. Te envio el link la ficha técnica del extractor, ustedes son los usuarios finales? https://www.viaindustrial.com/catalogos_pdf/P257973.pdf",1,False,2025-10-30T14:37:16+03:00
saludo_con_solicitud,hola,"hola buen día, lamento la demora. Teníamos un error en el sistema de mensajes. Me confirmas si aun están interesados en la compra del Diferencial",1,False,2026-03-12T23:43:31+03:00
saludo_con_solicitud,hola,"Hola buen día, me confirmas con que Nit nos realizaron la compra de los equipos para actualizarte la cotización. Ya que en el momento solo prestamos el servicio para los equipos que compraron con nosotros. Estoy atenta para la actualización",1,False,2025-06-17T18:15:38+03:00
saludo_con_solicitud,hola,"Hola buen día, Me gustaría saber si ya realizaron el pago del odómetro o para cuando está programado",1,False,2025-06-19T17:15:02+03:00
saludo_con_solicitud,hola,"Hola buen día, me registra el SOLICITUD DE COTIZACIÓN 10037091",1,False,2025-05-27T15:42:02+03:00
saludo_con_solicitud,hola,"Hola buen día, mi nombre es Yucelys Andrade. Le hablo desde la empresa Transambiental. me quiero realizar una cotización con ustedes de los siguientes productos",1,False,2026-01-19T18:35:51+03:00
saludo_con_solicitud,hola,"Hola buen día, muy bien y usted? Dame un momento estoy validando con logística",1,False,2025-05-05T19:35:46+03:00
saludo_con_solicitud,hola,"hola buen día, necesitas despejar inquietudes de la oferta?? o tienes un equipo y necesitas asesoría",1,False,2025-10-10T23:03:57+03:00
saludo_con_solicitud,hola,"Hola buen día, no recibí",1,False,2025-12-05T19:47:50+03:00
saludo_con_solicitud,hola,"Hola buen día, no señora, aun estan validando que hacer",1,False,2025-06-16T19:44:24+03:00
saludo_con_solicitud,hola,"hola buen día, Oferta: https://www.viaindustrial.com/cotizacion.asp?CotCliente=1223893&token=458960&p=P323470q cn el felte, no incluye impuestos",1,False,2025-07-17T05:31:36+03:00
saludo_con_solicitud,hola,"Hola buen día, ok oferta modificada https://www.viaindustrial.com/cotizacion.asp?CotCliente=1240892&token=465334&p=P381320",1,False,2025-09-18T11:51:28+03:00
saludo_con_solicitud,hola,"Hola buen día, por defecto viene en enlace... yo te la envio en pdf pero siempre llegara x enalce vale",1,False,2025-11-11T17:07:54+03:00
saludo_con_solicitud,hola,"Hola buen día, porfa su ayuda",1,False,2025-12-10T17:29:54+03:00
saludo_con_solicitud,hola,"Hola buen día, pudiste revisar el link de la cotización enviada? Te confirmo que la escalera es de 24 pasos",1,False,2025-12-02T19:15:25+03:00
saludo_con_solicitud,hola,"Hola buen día, pudiste revisar el link de la cotización que te envio de la Máquina taponadora de perfume?. Te reenvio el link y la imagen. Te cuento que en este momento cuenta con el 16% de DESCUENTO Para la Compra",1,False,2025-11-05T00:31:09+03:00
saludo_con_solicitud,hola,"Hola buen día, se encuentra en estudio",1,False,2025-04-11T15:41:17+03:00
saludo_con_solicitud,hola,"Hola buen día, si corresponde a la cotizada. La entrega es de 8 a 10 días. Enviame tu Rut o cedula y la dirección de entrega para continuar el proceso",1,False,2025-07-28T17:29:54+03:00
saludo_con_solicitud,hola,"Hola buen día, Si el juego Incluye: (1) 1 Entre el 9 (2) Ceros, (1) Guión, (1) Punto Decimal, (2) Separadores",1,False,2025-07-30T14:34:31+03:00
saludo_con_solicitud,hola,"hola buen día, si hacemos envio a México o cualquier pais de Latam, se te cobraria el envio EXW... SUTEDES PAGAN impuestos",1,False,2025-09-28T13:47:38+03:00
saludo_con_solicitud,hola,"hola buen día, si ya lo envio es q fabrica no me habioa respodido",1,False,2025-09-02T00:00:36+03:00
saludo_con_solicitud,hola,"hola buen día, te envió oferta de envió a Caracas, recuerda que no cubre impuestos hipotéticamente que tu país lo exija https://www.viaindustrial.com/cotizacion.asp?CotCliente=1230574&token=461465&p=P259297",1,False,2025-08-07T00:28:03+03:00
saludo_con_solicitud,hola,"Hola buen día, Te puedo dar el 15% de DESCUENTO. Te genero la proforma",1,False,2025-10-20T15:09:19+03:00
saludo_con_solicitud,hola,"Hola buen día, Te puedo dar el 15% de DESCUENTO. Te genero la proforma? === SYSTEM WZ === La plantilla de marketing no se puede enviar a este cliente en este momento debido a la limitación de mensajes de marketing. Inténtelo de nuevo más tarde o envíe una plantilla de otra categoría",1,False,2025-10-20T15:09:34+03:00
saludo_con_solicitud,hola,"Hola buen día, te reenvío la cotización en PDF, me confirmas si te llega, por favor",1,False,2025-07-15T16:42:39+03:00
saludo_con_solicitud,hola,Hola buen día. Claro que si ya te envio el link,1,False,2025-05-22T17:11:52+03:00
saludo_con_solicitud,hola,"Hola buen día. Cuéntame cómo te fue con la cotización? >> >> Hola buenas tardes, es que siempre es costosa pensamos que era mas economica",1,False,2026-03-12T23:32:03+03:00
saludo_con_solicitud,hola,Hola buen día. Cuéntame que te dijeron de la cotización? Este Interruptor en el momento cuenta con el 16% de DESCUENTO. Ya te lo actualice en la cotización,1,False,2025-10-02T18:38:32+03:00
saludo_con_solicitud,hola,Hola buen día. Estoy atenta a los datos para enviarte la factura proforma y continuar con el proceso de compra. Me confirmas la dirección de entrega,1,False,2025-07-25T14:21:55+03:00
saludo_con_solicitud,hola,"Hola buen día. La cotizada es cinta de prueba de adhesión de trama cruzada elcometer 99. Con la imagen que me envías no es posible establecer la referencia exacta, me la confirmas para confirmarte si sería esta o actualizarte la cotización, Quedo atenta",1,False,2025-12-13T19:24:51+03:00
saludo_con_solicitud,hola,Hola buen día. La vigencia de la licencia es de 12 meses. Te genero la proforma,1,False,2025-10-14T18:19:12+03:00
saludo_con_solicitud,hola,"Hola buen día. Lamentamos informarte que en el momento NO manejamos el equipo a cotizar, te compartimos nuestro portafolio para una próxima ocasión. https://www.viaindustrial.com/catalogo-instrumentacion-ferreteria-suplementos-industriales/",1,False,2025-09-30T15:10:31+03:00
saludo_con_solicitud,hola,Hola buen día. Lamento la demora me confirmas los rangos del los equipos para enviarte la cotización o si buscas alguna referencia en especial Flujómetro para pruebas de flujo -Rango Equipo para calibrar tacómetro - Alguna referencia en especial? Comparardor de caratulas - Rango,1,False,2025-10-03T02:04:09+03:00
saludo_con_solicitud,hola,Hola buen día. Lamento la demora me confirmas los rangos del los equipos para enviarte la cotización o si buscas alguna referencia en especial Flujómetro para pruebas de flujo -Rango Equipo para calibrar tacómetro - Alguna referencia en especial? Comparardor de caratulas - Rango === SYSTEM WZ === Mensaje no enviado. Aumente su suscripción para escribir primero y enviar plantillas WABA,1,False,2025-10-03T02:04:10+03:00
saludo_con_solicitud,hola,"Hola buen día. Lamento la demora teníamos un error en el sistema de Mensajes. En el momento no contamos con los consumibles. Esta maquina la tenemos para importación bajo pedido, no contamos con una para exhibición, pero Te voy a enviar el link con la informacion técnica y una foto de la maquina. Esta tiene en el momento un DESCUENTO del 12% para la compra. Te la facturo",1,False,2025-06-14T18:30:07+03:00
saludo_con_solicitud,hola,Hola buen día. Me acaban de autorizar el 16% de DESCUENTO cuéntame en que ciudad sería la entrega para validar el flete,1,False,2025-10-16T17:10:01+03:00
saludo_con_solicitud,hola,Hola buen día. Me autorizaron sostenerte la Cotización Inicial. La entrega es de 45-60 días el proceso de importación. En que ciudad sería la entrega del Polipasto,1,False,2025-10-16T19:53:38+03:00
saludo_con_solicitud,hola,Hola buen día. Muy bien y usted? Cuéntame cómo te fue con la cotización,1,False,2025-05-12T18:10:38+03:00
saludo_con_solicitud,hola,"Hola buen día. Nuestra dirección es en la Cl. 76 #20b-24, Bogotá, Colombia Oficina 207 Edificio Centrum Nuestro horario comercial es el siguiente: Lunes a Viernes: 7:30 - 5:00 Sábado: 8:00 - 11:30 Domingo: Cerrado",1,False,2025-06-06T18:08:27+03:00
saludo_con_solicitud,hola,"Hola buen día. Te cuento que en el momento estas duchas tienen un 10% de DESCUENTO para la compra. El precio final con el DESCUENTO y envio te queda en 14,511 Dólares. >> >>Te envio el link con la información técnica, es de fácil instalación y trae todo lo necesario para ello. >> >>https://www.viaindustrial.com/sistema-de-ducha-de-descontaminacion-neumatico-portatil-dat1010s-fsi/pp/P191757/ Buenos dias !!! Genial",1,False,2025-05-28T15:18:43+03:00
saludo_con_solicitud,hola,"Hola buen día. Te cuento que en el momento estas duchas tienen un 10% de DESCUENTO para la compra. El precio final con el DESCUENTO y envio te queda en 14,511 Dólares. >> >>Te envio el link con la información técnica, es de fácil instalación y trae todo lo necesario para ello. >> >>https://www.viaindustrial.com/sistema-de-ducha-de-descontaminacion-neumatico-portatil-dat1010s-fsi/pp/P191757/ Ese precio de 14511 es el fina que voy a pagar. Pprque no veo el iva incluido o no se paga",1,False,2025-05-28T15:21:00+03:00
saludo_con_solicitud,hola,"Hola buen día. Te cuento que en el momento estas duchas tienen un 10% de DESCUENTO para la compra. El precio final con el DESCUENTO y envio te queda en 14,511 Dólares. >> >>Te envio el link con la información técnica, es de fácil instalación y trae todo lo necesario para ello. >> >>https://www.viaindustrial.com/sistema-de-ducha-de-descontaminacion-neumatico-portatil-dat1010s-fsi/pp/P191757/ Si este lo vi pero no trae más fotos o la información en español. Ya que el cliente me esta pidiendo Ficha tecnica",1,False,2025-05-28T15:19:19+03:00
saludo_con_solicitud,hola,"Hola buen pie de rey digital Estándar de 12"""" tengo marca numit, te envio el link con las especificaciones: https://www.viaindustrial.com/calibrador-pie-de-rey-digital-via12-numit/pp/P246619/",1,False,2025-08-22T17:57:06+03:00
saludo_con_solicitud,hola,Hola buena tarde cuenta con ambas certificados,1,False,2025-06-19T22:56:59+03:00
saludo_con_solicitud,hola,"Hola buenas noches, me confirmas por favor la referencia. la que me indicas no la encuentro",1,False,2025-11-13T06:07:50+03:00
saludo_con_solicitud,hola,"Hola buenas tarde, se quiere comprar, cómo hemos el pago 50% ahorita y 50 % contra entrega",1,False,2025-06-12T23:49:11+03:00
saludo_con_solicitud,hola,Hola Buenas tardes ; Estoy requiriendo un puente grua 300 kg,1,False,2025-08-04T23:46:40+03:00
saludo_con_solicitud,hola,"Hola buenas tardes Ariana, cuentame por favor si aun estan interesados en la compra de la Camara termografica SKF TKTI 31",1,False,2025-10-10T00:27:21+03:00
saludo_con_solicitud,hola,"Hola buenas tardes Camilo, te cuento que ya llegaron las galgas, me confirmas por favor hasta que hora reciben",1,False,2025-08-06T22:25:15+03:00
saludo_con_solicitud,hola,Hola buenas tardes don Diego,1,False,2025-07-21T22:36:47+03:00
saludo_con_solicitud,hola,Hola buenas tardes don Enrique,1,False,2025-10-07T23:03:22+03:00
saludo_con_solicitud,hola,"Hola buenas tardes don Hector, la entrega esta para mañana. una vez tenga la guia le notifico",1,False,2025-07-22T22:02:30+03:00
saludo_con_solicitud,hola,"hola buenas tardes don Nelson, soy Estefania Gonzalez. me envia el RUT por favor los creo en el sistema",1,False,2025-06-10T22:27:56+03:00
saludo_con_solicitud,hola,Hola buenas tardes es que me gustaria comprar un Torno alfarero para diciembre y me gustaria cotizar esta referencia por favor,1,False,2025-11-05T01:00:27+03:00
saludo_con_solicitud,hola,hola buenas tardes estoy interesada en tas maquinas podrian darme mas informacion y si tienen videos de las maquinas trabajando desde que se introduce el ajo,1,False,2025-08-27T22:12:37+03:00
saludo_con_solicitud,hola,Hola buenas tardes favor nod ayudas con una cotizacion,1,False,2025-08-06T00:55:17+03:00
saludo_con_solicitud,hola,"Hola buenas tardes mi nombre es Jenny Cardona, uds tienen peladora de cable cobre? Y a como",1,False,2025-08-08T22:06:25+03:00
saludo_con_solicitud,hola,"Hola buenas tardes Nairobis, soy Estefania. Lamentamos la demora hemos tenido un alto flujo de mensajes y el error de la asistente Virtual",1,False,2025-11-21T23:49:01+03:00
saludo_con_solicitud,hola,hola buenas tardes que pena es que no me ha llegado la cotizacion,1,False,2025-07-02T23:24:58+03:00
saludo_con_solicitud,hola,Hola buenas tardes Solanyi. indicame por favor cual referencia se ajusta al requerimiento te envio la ficha tecnica,1,False,2025-10-24T21:57:34+03:00
saludo_con_solicitud,hola,Hola buenas tardes soy Estefania. Cuéntame para cuando tienen programada la compra,1,False,2026-01-08T22:58:39+03:00
saludo_con_solicitud,hola,"Hola buenas tardes Sra Alba, cuenteme ya le aprobaron la compra de los equipos",1,False,2025-12-02T20:15:14+03:00
saludo_con_solicitud,hola,"Hola buenas tardes Sra Alba, soy Estefania Gonzalez. te estaba llamando para validar la cotizacion",1,False,2025-11-07T23:31:31+03:00
saludo_con_solicitud,hola,"Hola buenas tardes Sra Alicia, cuentame lograron revisar la proforma con el nit corregido",1,False,2025-07-29T23:47:36+03:00
saludo_con_solicitud,hola,"Hola buenas tardes Sra Claudia, ahora te llame para validar el contacto de compras ya que aun no se comunican conmigo",1,False,2025-09-04T21:25:33+03:00
saludo_con_solicitud,hola,"Hola buenas tardes Sra Diana, cuenteme ya le aprobaron la compra del sonometro",1,False,2025-12-02T20:22:32+03:00
saludo_con_solicitud,hola,"Hola buenas tardes Sra Diana, espero se encuentre muy bien, paso para validar si aun estan interesados en la compra del Deshidratador de alimentos",1,False,2025-10-09T23:35:05+03:00
saludo_con_solicitud,hola,"Hola buenas tardes Sra Diana, he tratado de comunicarme para saber si continuan interesados en la compra del equipo",1,False,2025-09-19T00:26:36+03:00
saludo_con_solicitud,hola,"Hola buenas tardes Sra Diana, he tratado de comunicarme para saber si continuan interesados en la compra del equipo === SYSTEM WZ === La plantilla de marketing no se puede enviar a este cliente en este momento debido a la limitación de mensajes de marketing. Inténtelo de nuevo más tarde o envíe una plantilla de otra categoría",1,False,2025-09-19T00:26:42+03:00
saludo_con_solicitud,hola,"Hola buenas tardes Sra Victoria, se realiza el envio por empresa transportadora. me indicas por favor la ciudad de entrega y me envias el RUT por favor",1,False,2025-10-30T23:06:29+03:00
saludo_con_solicitud,hola,"Hola buenas tardes Stefani. la balanza si viene con Conexión de escáner para lectura de EAN-13, EAN-128",1,False,2025-07-03T22:57:02+03:00
saludo_con_solicitud,hola,"Hola buenas tardes Viviana, los cotizados son los mismos que nosotros te cotizamos",1,False,2025-08-20T20:39:38+03:00
saludo_con_solicitud,hola,Hola buenas tardes y ustedes tienen técnico para arreglar uno que ya tengo,1,False,2025-07-01T20:26:54+03:00
saludo_con_solicitud,hola,"Hola buenas tardes Yenny, espero estes muy bien. cuentame cual medidor de compost van a comprar. recuerda que la universidad cuenta con credito",1,False,2025-10-24T20:37:38+03:00
saludo_con_solicitud,hola,"Hola buenas tardes, acabo de enviartelo desde el correo comercial@viaindustrial.com",1,False,2025-02-06T21:36:37+03:00
saludo_con_solicitud,hola,"Hola buenas tardes, al correo te di respuesta. llegan de 18 al 20 de febrero, una vez llegue te comparto la guia",1,False,2026-01-27T23:54:12+03:00
saludo_con_solicitud,hola,"Hola buenas tardes, Cuenta con 1 año de garantía por defecto de fabrica, también te brindamos soporte, mantenimiento y capacitación en caso de requerirla, la cual no tiene costo adicional",1,False,2025-09-02T00:35:36+03:00
saludo_con_solicitud,hola,"Hola buenas tardes, cuentame desean realizar la compra",1,False,2025-09-09T23:48:12+03:00
saludo_con_solicitud,hola,"Hola buenas tardes, cuentame ya aprobaron la compra del equipo =",1,False,2025-12-02T23:07:11+03:00
saludo_con_solicitud,hola,"Hola buenas tardes, cuenteme ya aprobaron la compra de los equipos",1,False,2025-12-02T22:38:36+03:00
saludo_con_solicitud,hola,"Hola buenas tardes, cuenteme ya realizaron el pago ? o para cuando esta progr",1,False,2025-06-28T00:22:28+03:00
saludo_con_solicitud,hola,"Hola buenas tardes, en el momento solo prestamos el servicio para los equipos adquiridos con nosotros. Confírmame el Nit o cedula con el que realizaron la compra para generar la cotización",1,False,2026-02-03T22:28:10+03:00
saludo_con_solicitud,hola,"Hola buenas tardes, en la cotizacion se encuentran los equipos que manejamos. lograron revisarla",1,False,2025-10-15T23:50:04+03:00
saludo_con_solicitud,hola,"Hola buenas tardes, es importado de 10 dias habiles",1,False,2026-01-30T00:56:40+03:00
saludo_con_solicitud,hola,"Hola buenas tardes, escribo para cotizar unos equipos de laboratorio",1,False,2026-01-09T22:36:37+03:00
saludo_con_solicitud,hola,"Hola buenas tardes, espero estes muy bien. cuentame si lograste que te aceptaran las referencias cotizadas",1,False,2025-11-28T00:04:06+03:00
saludo_con_solicitud,hola,"Hola buenas tardes, espero se encuentre muy bien. paso para revisar si tienen actualizacion con la compra de los equipos",1,False,2025-09-08T23:31:47+03:00
saludo_con_solicitud,hola,"Hola buenas tardes, lamento la demora teníamos un error en el sistema de mensajes. La entrega de la Cotización 1204794 Esta proyectada para el 5/07/2025 Si nos llega a llegar antes te informo y compartimos la guía de envio",1,False,2025-06-18T17:26:55+03:00
saludo_con_solicitud,hola,"Hola buenas tardes, lamento la demora. Muy bien y usted? Cuéntame en que te puedo colaborar con gusto",1,False,2026-01-09T23:09:53+03:00
saludo_con_solicitud,hola,"hola buenas tardes, me colaboras cotizándome estos materiales con despacho a la carrera 122 # 23-396 vía puerto tejada frente a la universidad de san Martín, te agradezco",1,False,2025-05-29T21:29:18+03:00
saludo_con_solicitud,hola,"hola buenas tardes, me confirmas si las manejan",1,False,2025-09-09T20:58:32+03:00
saludo_con_solicitud,hola,"Hola buenas tardes, nosotros ya enviamos la licitación estamos a espera que nos respondan",1,False,2025-09-12T02:24:03+03:00
saludo_con_solicitud,hola,"Hola buenas tardes, para esa variable no contamos con laboratorio. el equipo viene calibrado de fabrica",1,False,2025-10-16T23:48:27+03:00
saludo_con_solicitud,hola,"Hola buenas tardes, por favor me indicas si aun estan interesados en la compra de los 4 carretes",1,False,2025-11-11T19:53:53+03:00
saludo_con_solicitud,hola,"Hola buenas tardes, por favor me informa si continuan interesados en la compra del equipo",1,False,2025-11-11T23:25:12+03:00
saludo_con_solicitud,hola,"Hola buenas tardes, pues aún están en definición de la propuesta",1,False,2025-06-25T23:19:01+03:00
saludo_con_solicitud,hola,"Hola buenas tardes, Quería confirmar si tuviste oportunidad de revisar la cotización que te envié con la referencia mas economica",1,False,2025-10-28T22:20:02+03:00
saludo_con_solicitud,hola,"Hola buenas tardes, Quería confirmar si tuviste oportunidad de revisar la cotización que te envié con la referencia mas economica >> >> Si",1,False,2025-10-29T01:08:13+03:00
saludo_con_solicitud,hola,"Hola buenas tardes, quería validar si te llego la cotización en PDF y como te fue con ella. Recuerda que cuenta con el 10% de DESCUENTO hasta el día de Hoy. Te envio la proforma",1,False,2025-09-15T20:05:57+03:00
saludo_con_solicitud,hola,"Hola buenas tardes, soy Estefania Gonzalez. Cuenta con 1 año de garantía por defecto de fabrica, también te brindamos soporte, mantenimiento y capacitación en caso de requerirla, la cual no tiene costo adicional",1,False,2025-05-04T01:02:02+03:00
saludo_con_solicitud,hola,"Hola buenas tardes, soy Estefania. me indicas tu nombre por favor",1,False,2025-10-22T23:01:20+03:00
saludo_con_solicitud,hola,"hola buenas tardes, te escribe Álvaro reyes del área de compras de ferias y eventos Sa, me colaboras cotizándome este servicio con despacho al parque river view park en Carrera 24 con calle 80 esquina, Soledad Atlántico Frente al Olímpica de los Robles de la Circunvalar, te agradezco quedo atento",1,False,2025-06-03T23:27:58+03:00
saludo_con_solicitud,hola,"Hola buenas tardes, ya le dieron respuesta a la duda que tenian",1,False,2025-07-16T23:06:40+03:00
saludo_con_solicitud,hola,"Hola buenas tardes, ya le dieron respuesta a la duda que tenian ? === SYSTEM WZ === An error occurred. The information has already been directed to Wazzup developers",1,False,2025-07-16T23:06:45+03:00
saludo_con_solicitud,hola,Hola buenas tardes. Así es. Ya le enviamos al cliente nuestro la oferta. Cualquier noticia te aviso. Gracias,1,False,2025-06-24T23:51:25+03:00
saludo_con_solicitud,hola,hola buenos di2as,1,False,2025-06-05T19:35:32+03:00
saludo_con_solicitud,hola,"Hola buenos dias , si creo que está bien todo , me imagino que la cotización son para solo dos hebillas",1,False,2025-06-19T17:39:39+03:00
saludo_con_solicitud,hola,Hola buenos dias .. Sra Ana,1,False,2025-04-01T19:54:19+03:00
saludo_con_solicitud,hola,"hola buenos dias Angie, soy Estefania Gonzalez. cuentame cual referencia buscan para multimetros marca fluke",1,False,2025-07-22T15:51:16+03:00
saludo_con_solicitud,hola,"Hola buenos dias Carolina, te actualice la cotizacion con la referencia que lo homologa",1,False,2025-06-24T17:20:02+03:00
saludo_con_solicitud,hola,"Hola buenos dias Catalina, cuentame desean continuar con la compra del tripode",1,False,2025-11-11T19:08:31+03:00
saludo_con_solicitud,hola,Hola buenos dias como esta para cotizar 10 ventiladores de pared es para un colegio muchas gracias,1,False,2025-06-17T20:12:36+03:00
saludo_con_solicitud,hola,"hola buenos dias como estas, esta empalmadora esta a mejor precio que la cotizadas? empalmadora de fibra óptica furukawa fitel s178a S178A fitel P245287",1,False,2025-12-06T15:12:07+03:00
saludo_con_solicitud,hola,HOLA BUENOS DIAS DISCULPA ESTOS REPUESTOS LO MANEJAN Si lo manejan,1,False,2025-09-09T23:46:53+03:00
saludo_con_solicitud,hola,"Hola buenos dias don Alexander, revisando cn almacen me indican que la maquina no se encuentra disponible en colombia, no tenemos como enseñartela el dia de la visita. te podemos enviar la documentacion para que la revisen y puedan confirmar",1,False,2025-09-18T19:17:38+03:00
saludo_con_solicitud,hola,"Hola buenos dias don Angel, por favor me envia el pdf con la informacion de la empresa y direccion de entrega",1,False,2025-12-19T18:01:38+03:00
saludo_con_solicitud,hola,Hola buenos dias don Edwin como se encuentra,1,False,2025-09-18T19:18:37+03:00
saludo_con_solicitud,hola,"Hola buenos dias don Edwin como se encuentra >> >> Como esta, buenos días",1,False,2025-09-18T19:21:33+03:00
saludo_con_solicitud,hola,Hola buenos dias don Geovanny lograste revisar la cotizacion,1,False,2025-08-26T16:05:43+03:00
saludo_con_solicitud,hola,Hola buenos dias don Jorge,1,False,2025-08-12T17:57:33+03:00
saludo_con_solicitud,hola,"Hola buenos dias don Julio, cuenteme aprobaron la compra del equipó",1,False,2025-10-01T17:52:21+03:00
saludo_con_solicitud,hola,Hola buenos dias don Kevin,1,False,2025-08-13T18:51:11+03:00
saludo_con_solicitud,hola,"Hola buenos dias don Kevin, te estaba llamando para revisar cual de los 2 equipos van a comprar",1,False,2025-10-27T19:57:01+03:00
saludo_con_solicitud,hola,"Hola buenos dias don Nicolas, me envias por favor el RUT le realizo la factura proforma",1,False,2025-11-06T16:57:47+03:00
saludo_con_solicitud,hola,"Hola buenos dias don Oscar, necesitas la impresora ? me confirmas para actualizarla",1,False,2025-08-14T17:22:03+03:00
saludo_con_solicitud,hola,"Hola buenos dias don Pedro, el equipo no se encuentrra en almacen, este es importado bajo pedido de 15 dias habiles",1,False,2025-11-07T16:27:15+03:00
saludo_con_solicitud,hola,"Hola buenos dias don Rodrigo, cuentame lograste revisar la factura proforma",1,False,2025-11-05T15:54:45+03:00
saludo_con_solicitud,hola,Hola buenos dias don Tobias,1,False,2025-11-04T20:21:24+03:00
saludo_con_solicitud,hola,"Hola buenos dias don Victor, soy Estefania Gonzalez. cuentame que dudas tienen para realizar la compra",1,False,2025-11-11T16:37:17+03:00
saludo_con_solicitud,hola,"hola buenos dias don Victor, soy Estefania Gonzalez. me envias por favor el RUT los voy creando en el sistema",1,False,2025-09-12T16:06:00+03:00
saludo_con_solicitud,hola,"Hola buenos dias don Yeiner, te estaba llamando. indicame en que momento me puedo comunicar por facor",1,False,2025-10-27T17:18:08+03:00
saludo_con_solicitud,hola,"Hola buenos dias don Yeiner, te estaba llamando. indicame en que momento me puedo comunicar por facor === SYSTEM WZ === No puedes iniciar una correspondencia de 24 horas con este cliente usando la plantilla """"Marketing"""": eso es lo que decidió Meta. Envíe una plantilla de una categoría diferente",1,False,2025-10-27T17:18:16+03:00
saludo_con_solicitud,hola,"Hola buenos dias Julieth, te envio cotizacion con los datos de la empresa. cuentame para cuando tienen programada la compra les envio la factura proforma",1,False,2025-12-02T18:36:01+03:00
saludo_con_solicitud,hola,hola buenos dias la cotización no me fue aprovada de momento aun se encuentra en discusión,1,False,2026-03-10T17:44:25+03:00
saludo_con_solicitud,hola,Hola buenos dias me ayudas porfa con la cotizacion pendiente,1,False,2025-12-23T16:16:23+03:00
saludo_con_solicitud,hola,Hola buenos dias me puedes ayudar con esto porfa,1,False,2025-12-23T16:17:51+03:00
saludo_con_solicitud,hola,"Hola Buenos dias Paola, espero se encuentre muy bien. te queria preguntar si aun estan interesados en la compra",1,False,2025-12-02T19:23:14+03:00
saludo_con_solicitud,hola,"Hola buenos dias Sra Clara, espero se encuentre muy bien. confirmando con almacen me informan que el tiempo de entrega es de 90 dias ya que es pedido directamente a fabrica",1,False,2025-11-04T19:23:34+03:00
saludo_con_solicitud,hola,"Hola buenos dias Sra Diana, la cotizacion esta actualizada con el flete y descuento del 13% https://www.viaindustrial.com/cotizacion.asp?CotCliente=1238492&token=464434&p=P101004",1,False,2025-09-09T15:54:37+03:00
saludo_con_solicitud,hola,Hola buenos dias Sra Ingrid como se encuentra,1,False,2025-09-16T19:12:18+03:00
saludo_con_solicitud,hola,"Hola buenos dias Sra Lina, con Estefania como esta",1,False,2025-11-12T16:52:01+03:00
saludo_con_solicitud,hola,"Hola buenos dias Sra Luz, espero se encuentre muy bien. por favor me informa en que momento me puedo comunicar para revisar si ya estamos creados cmo proveedor",1,False,2025-10-29T19:12:23+03:00
saludo_con_solicitud,hola,"Hola buenos dias Sra Margarita, indicame por favor cual es el nit de ustedes y cual es la referencia a comprar",1,False,2025-02-04T19:48:22+03:00
saludo_con_solicitud,hola,"Hola buenos dias sra Marisol, cuenteme que le indicaron del pago ? agradezco me informen porque es muy incomodo estar preguntando todos los dias y no tener informacion clara",1,False,2025-08-06T16:12:09+03:00
saludo_con_solicitud,hola,"Hola buenos dias Sra Sol, espero se encuentre muy bien, paso para validar si ya aprobaron la compra del Analizador",1,False,2025-08-13T18:12:34+03:00
saludo_con_solicitud,hola,"Hola buenos dias Sra Sol, le comparto la cotizacion. en un momento le envio la ficha",1,False,2025-07-31T13:19:59+03:00
saludo_con_solicitud,hola,"Hola buenos dias, apenas veo el mensaje que pena",1,False,2025-09-05T16:05:34+03:00
saludo_con_solicitud,hola,"Hola buenos dias, aun no me dan respuesta de almacen, una vez la tenga te notifico",1,False,2025-11-27T19:58:34+03:00
saludo_con_solicitud,hola,"Hola buenos dias, como estan",1,False,2026-02-04T19:12:55+03:00
saludo_con_solicitud,hola,"Hola buenos dias, como se encuentra. cuenteme ya aprobaron la compra del equipo",1,False,2025-09-26T18:09:12+03:00
saludo_con_solicitud,hola,"Hola buenos dias, confirmame la referencia completa por favor MT880 va un guion y una letra, indicame que letra es",1,False,2025-12-10T19:36:01+03:00
saludo_con_solicitud,hola,"Hola buenos dias, cuentame cuantas unidades requieren",1,False,2025-11-04T18:38:50+03:00
saludo_con_solicitud,hola,"Hola buenos dias, cuentame lograste revisar los links de pago",1,False,2025-09-19T17:17:47+03:00
saludo_con_solicitud,hola,"Hola buenos dias, cuentame revisaste si es el kit que necesita el cliente",1,False,2025-11-21T15:05:15+03:00
saludo_con_solicitud,hola,"Hola buenos dias, el equipo Cuenta con 1 año de garantía por defecto de fabrica, también te brindamos soporte, mantenimiento y capacitación en caso de requerirla, la cual no tiene costo adicional",1,False,2025-11-14T17:54:44+03:00
saludo_con_solicitud,hola,"Hola buenos dias, el precio no ha cambiado. por favor me envia el RUT y me indica cual de las 2 referencias va a comprar",1,False,2025-12-18T15:51:32+03:00
saludo_con_solicitud,hola,"Hola buenos dias, espero se encuentre muy bien, cuentame para cuando estiman tener la aprobacion de la compra del cliente",1,False,2025-12-01T17:38:04+03:00
saludo_con_solicitud,hola,"Hola buenos dias, espero se encuentre muy bien. estaba tratando de comunicarme pero no ha sido posible. cuenteme aun estan interesados en la compra de la maquina de hielo",1,False,2025-08-05T18:46:41+03:00
saludo_con_solicitud,hola,"Hola buenos dias, espero se encuentre muy bien. paso para validar si ya aprobaron la compra de los equipos",1,False,2025-08-13T18:47:04+03:00
saludo_con_solicitud,hola,"Hola buenos dias, estos son los megafonos que manejamos, revisa y me cuentas https://www.viaindustrial.com/productos.asp?nombre=megafonos",1,False,2025-11-14T19:06:28+03:00
saludo_con_solicitud,hola,"Hola buenos dias, gracias por responder. cuando la aprueben me cuentas y retomamos",1,False,2025-10-20T19:02:56+03:00
saludo_con_solicitud,hola,"Hola buenos dias, indicame cual es el equipo que requieren",1,False,2025-12-15T19:40:16+03:00
saludo_con_solicitud,hola,"Hola buenos dias, la cotizacion nos quedo MAL solicitada, la valvula que necesitamos cotizas es de 1/2"""" o de 3/4""""",1,False,2025-10-17T17:37:00+03:00
saludo_con_solicitud,hola,"Hola buenos dias, la factura se envio desde el 16 al correo msfe-bogota-logsupply@barcelona.msf.org",1,False,2025-06-21T18:01:18+03:00
saludo_con_solicitud,hola,"Hola buenos dias, la peladora cotizada es industrial de 116 millones, esta es la que requieren ? o con que caracteristicas la buscan",1,False,2026-01-07T16:21:51+03:00
saludo_con_solicitud,hola,"Hola buenos dias, lograste revisar las 2 opciones",1,False,2025-11-28T16:38:03+03:00
saludo_con_solicitud,hola,"hola buenos dias, me ayudas con la cotizacion de un medidos de gases con las siguentes especificaciones : NH3 (amoniaco) CO Monoxido de Carbono (toxico) ppm, en lugares con combustión, en este caso se puede cambiar por CO2 si requerimos O2 Oxigeno %Vol LEL CH4 nivel de explosividad (combustibles) %LEL",1,False,2025-11-05T18:41:00+03:00
saludo_con_solicitud,hola,"Hola buenos dias, no es por la referencia es por la variable de humedad",1,False,2025-10-17T17:18:53+03:00
saludo_con_solicitud,hola,"Hola buenos dias, no olvides indicarme para cuando tienen estimado realizar la compra y el RUT",1,False,2025-07-25T15:33:44+03:00
saludo_con_solicitud,hola,"Hola buenos dias, no olvides informarme que te dice el cliente para dar inicio y de paso confirmar los otros equipos que tienes aprobados",1,False,2025-11-11T18:12:06+03:00
saludo_con_solicitud,hola,"Hola buenos dias, Quería confirmar si tuviste oportunidad de revisar las caracteristicas",1,False,2025-10-28T18:48:04+03:00
saludo_con_solicitud,hola,"Hola buenos dias, se realiza por la transportadora envia el dia de hoy, en la tarde te compart e numero de guia",1,False,2025-01-20T16:56:58+03:00
saludo_con_solicitud,hola,"Hola buenos dias, si tenemos facturacion electronica",1,False,2025-09-15T18:51:37+03:00
saludo_con_solicitud,hola,"Hola buenos dias, solo tenemos la referencia ofertada https://www.viaindustrial.com/cotizacion.asp?CotCliente=1219479&token=457305&p=P247462",1,False,2025-07-01T18:15:05+03:00
saludo_con_solicitud,hola,"hola buenos dias, soy Estefania Gonzalez. cuentame que dudas tienen para realizar la compra Buenos días, consulta la cotización ya esta con IGV o se agrega",1,False,2025-06-09T17:57:13+03:00
saludo_con_solicitud,hola,"hola buenos dias, soy Estefania Gonzalez. me envias por favor el RUT los voy creando en el sistema para generar la factura proforma",1,False,2025-09-11T18:46:38+03:00
saludo_con_solicitud,hola,"Hola buenos dias, soy Estefania Gonzalez. ya la cotizacion te la actualice con el descuento y la cantidad",1,False,2025-09-10T18:22:47+03:00
saludo_con_solicitud,hola,"Hola buenos dias, soy Estefania. ya te actualice con el valor del envio https://www.viaindustrial.com/cotizacion.asp?CotCliente=1252690&token=469759&p=P217144 me envias el RUT por favor te realizo la factura proforma",1,False,2025-11-04T19:44:53+03:00
saludo_con_solicitud,hola,"Hola buenos dias, Sra Claudia he intentado comunicarme pero no ha sido posible. cuenteme si desean realizar la compra de las Estaciones de Limpieza",1,False,2025-09-09T19:46:51+03:00
saludo_con_solicitud,hola,"Hola buenos dias, te agregue la referencia que se puede calibrar por la onac",1,False,2025-11-25T15:48:51+03:00
saludo_con_solicitud,hola,"Hola buenos dias, te estaba llamando",1,False,2025-09-24T18:47:07+03:00
saludo_con_solicitud,hola,"Hola buenos dias, te estaba llamando, me confirmas por favor la direccion de entrega",1,False,2025-09-23T17:14:18+03:00
saludo_con_solicitud,hola,"Hola buenos dias, te estaba llamando, me informas por favor si continuan interesados en la compra del Deshidratador de alimentos",1,False,2025-07-08T19:41:22+03:00
saludo_con_solicitud,hola,"Hola buenos dias, te estaba llamando. cuentame que dudas tienen para realizar la compra",1,False,2025-11-13T18:18:42+03:00
saludo_con_solicitud,hola,"Hola buenos dias, te estaba llamando. esta es la cotizacion que te enviamos https://www.viaindustrial.com/cotizacion.asp?CotCliente=1249812&token=468680&p=P190201 como me indicarte todos los datos para la compra te envie este link de factura proforma https://www.viaindustrial.com/pedido.asp?numero_sfe=20970&token=7864&p=P190201",1,False,2025-10-21T19:01:48+03:00
saludo_con_solicitud,hola,"Hola buenos dias, ya te envie la cotizacion con los documentos al correo. revisa y me cuentas si necesitan algo mas por favor",1,False,2025-11-04T16:35:38+03:00
saludo_con_solicitud,hola,"Hola buenos día, en el momento es la referencia que estamos manejando. En este momento tiene el 20% de DESCUENTO para la compra. Te envio el link con las especificaciones el cotizado. https://www.viaindustrial.com/homogeneizador-de-alta-presion-para-lacteos-ace-0-5-25-ace-chn/pp/P260192/",1,False,2025-08-04T14:39:52+03:00
saludo_con_solicitud,hola,"Hola buenos día, en el momento es la referencia que estamos manejando. En este momento tiene el 20% de DESCUENTO para la compra. Te envio el link con las especificaciones el cotizado. https://www.viaindustrial.com/homogeneizador-de-alta-presion-para-lacteos-ace-0-5-25-ace-chn/pp/P260192/ === SYSTEM WZ === No puedes iniciar una correspondencia de 24 horas con este cliente usando la plantilla """"Marketing"""": eso es lo que decidió Meta. Envíe una plantilla de una categoría diferente",1,False,2025-08-04T14:39:59+03:00
saludo_con_solicitud,hola,"Hola buenos días , claro que si envíame tu Rut o Cedula y la dirección de entrega para enviarte la proforma",1,False,2025-07-29T13:31:21+03:00
saludo_con_solicitud,hola,"Hola buenos días Cesar, claro que si te envio el link con toda la información técnica del Amplificador de Red. Cuéntame cómo lo estas buscando? https://www.viaindustrial.com/amplificador-de-red-movil-4g-lintratek-kw20l-lte-26-kw20l-lte-26-lintratek/pp/P199798/",1,False,2025-12-23T16:21:02+03:00
saludo_con_solicitud,hola,"Hola buenos días don Javier, lamento la demora y el error de la asistente virtual, apenas la estamos entrenando. Te confirmo que los valores están en Dólares Americanos",1,False,2025-12-19T18:00:13+03:00
saludo_con_solicitud,hola,Hola buenos días esta es la referencia prensa compactadora embaladora de residuos y reciclaje 10 toneladas 2023-10T sioh P258101,1,False,2025-10-27T16:05:54+03:00
saludo_con_solicitud,hola,Hola buenos días Huy me informas el número de proceso,1,False,2025-05-26T16:47:55+03:00
saludo_con_solicitud,hola,Hola buenos días lamento la demora estábamos en vacaciones y apenas estamos retomando. Cuéntame en que te puedo colaborar con gusto,1,False,2026-01-09T18:47:50+03:00
saludo_con_solicitud,hola,Hola buenos días lamento la demora. Te confirmo que vienen 60 metros. Te genero la proforma? Para que aproveches el DESCUENTO,1,False,2025-12-18T16:08:08+03:00
saludo_con_solicitud,hola,Hola buenos días llegó a la oficina y te confirmo,1,False,2025-05-27T15:42:42+03:00
saludo_con_solicitud,hola,Hola buenos días me regalas por favor la ficha técnica del kit,1,False,2026-03-12T19:16:45+03:00
saludo_con_solicitud,hola,Hola buenos días para cotizar una máquina para granizadora,1,False,2025-06-16T18:48:20+03:00
saludo_con_solicitud,hola,"Hola buenos días soy Estefania, Muy bien y usted? Cuéntame cómo te puedo colaborar",1,False,2026-03-12T14:12:41+03:00
saludo_con_solicitud,hola,"Hola buenos días, claro que si te envio la foto del equipo y el link con toda la información técnica: https://www.viaindustrial.com/detector-de-fugas-electronico-de-agua-777-a-pinpoint-tech/pp/P240426/",1,False,2025-11-13T14:07:39+03:00
saludo_con_solicitud,hola,"Hola buenos días, cordial saludo",1,False,2025-10-08T17:12:12+03:00
saludo_con_solicitud,hola,"Hola buenos días, Cuéntame en que te puedo colaborar con gusto. Quedo atenta a tu mensaje para colaborarte",1,False,2026-01-26T16:23:22+03:00
saludo_con_solicitud,hola,"Hola buenos días, cómo estás",1,False,2026-03-13T18:19:48+03:00
saludo_con_solicitud,hola,"Hola buenos días, el paquete de las 10 cintas viene de un solo color, normalmente negro en blanco (letras negras cinta blanca) se puede pedir del color que soliciten y se valida si tiene un costo adicional. Cuéntame, de que color los necesitas",1,False,2025-07-30T14:12:43+03:00
saludo_con_solicitud,hola,"Hola buenos días, el Rango del medidor de espesores es: 1.3 a 3.3 mils / 32 a 85 µm. Te envio el link con la información técnica del equipo: https://www.viaindustrial.com/testex-cx-kit-press-o-film-replica-kit-de-cinta-cx-kit-press-o-film-replica-testex/pp/P243473/",1,False,2025-12-15T14:44:46+03:00
saludo_con_solicitud,hola,"Hola buenos días, en cuanto a la garantía primero se hace una revisión virtual acompañado con nuestro ingeniero para tratar de solucionarlo en caso de que sea necesario una revisión física la hacen llegar a nuestra oficina para llevar todo el proceso",1,False,2026-03-10T18:38:14+03:00
saludo_con_solicitud,hola,"Hola buenos días, en el momento solo prestamos el servicio para los equipos adquiridos con nosotros. Para la cotización confírmame el Nit o Cedula con el que realizaron la compra",1,False,2025-12-13T18:59:18+03:00
saludo_con_solicitud,hola,"Hola buenos días, en Peru no contamos con distribuidor, pero hacemos envíos a la dirección que me indiques. Deseas continuar con el proceso de compra",1,False,2025-12-18T17:08:19+03:00
saludo_con_solicitud,hola,"Hola buenos días, estamos buscando lvdt, para medir desplazamiento en un rango de 5cm o más. Pero el presupuesto por cada sensor ronda los 1’500.000 a 2’000.000 de pesos son 6 sensores",1,False,2025-03-21T14:38:12+03:00
saludo_con_solicitud,hola,"Hola buenos días, estoy a",1,False,2026-01-07T16:03:20+03:00
saludo_con_solicitud,hola,"Hola buenos días, gerencia aun no ha revisado las cotizaciones, pero si es la mas alta de las tres que se pasaron",1,False,2025-06-24T16:56:28+03:00
saludo_con_solicitud,hola,"Hola buenos días, lamento la demora, estábamos en Vacaciones y apenas estamos regresando. Te cuento que en el momento la mas económica que manejamos es la cotizada, pero en el momento cuenta con el 20% de DESCUENTO para la compra. Podemos iniciar el proceso con el abono del 70% y el restante para la entrega",1,False,2026-01-07T16:23:52+03:00
saludo_con_solicitud,hola,"Hola buenos días, lamento la demora. Te envio el link con la información. Te genero la proforma? para que aproveches el DESCUENTO",1,False,2026-01-15T17:41:35+03:00
saludo_con_solicitud,hola,"Hola buenos días, me registra para entrega de 10-15 días, te sirve este tiempo de entrega",1,False,2025-11-26T19:03:56+03:00
saludo_con_solicitud,hola,"Hola buenos días, por favor me pueden compartir esta ficha técnica",1,False,2026-01-24T19:50:42+03:00
saludo_con_solicitud,hola,"Hola buenos días, si los manejo. Te envio el link de la cotización del rodillo. Te genero la proforma",1,False,2025-12-02T14:50:38+03:00
saludo_con_solicitud,hola,"Hola buenos días, soy Estefania. Lamento la demora teníamos un alto flujo de mensajes. Cuéntame cómo te fue con la cotización? En el momento cuenta con el 5% de DESCUENTO. Te genero la proforma",1,False,2026-02-27T16:10:11+03:00
saludo_con_solicitud,hola,"Hola buenos días, te envio el link de nuestro portafolio, Cuéntame que otro equipo solicitas para enviarte la cotización. https://www.viaindustrial.com/catalogo-instrumentacion-ferreteria-suplementos-industriales/",1,False,2025-09-09T16:05:54+03:00
saludo_con_solicitud,hola,"hola buenos días, te escribe Álvaro reyes del área de compras de ferias y eventos Sa, me puedes colaborar cotizandome este material",1,False,2025-06-10T19:51:39+03:00
saludo_con_solicitud,hola,"Hola buenos días. Soy Estefania, cuéntame en que te puedo colaborar con gusto",1,False,2026-01-07T18:58:56+03:00
saludo_con_solicitud,hola,Hola buenos días. Te puedo dar el 10% de DESCUENTO. Entrega de 8-10 días. Te genero la proforma,1,False,2025-11-20T17:57:55+03:00
saludo_con_solicitud,hola,"Hola bueos dias, te actualice solo con esa referencia y el mismo descuento del 20%",1,False,2025-09-16T18:30:33+03:00
saludo_con_solicitud,hola,"Hola Carina, cuéntame para cuando lo necesitas y valido para colaborarte con gusto",1,False,2025-08-05T14:57:46+03:00
saludo_con_solicitud,hola,hola cod. P169169 ■ 60 metros y cod. P166199 ■ 60 metros,1,False,2025-08-02T22:33:18+03:00
saludo_con_solicitud,hola,"Hola Como estas, como te comentaba nuestra oficina es en Bogotá, pero te hacemos llegar el equipo a la dirección y ciudad que me indiques. Te genero la proforma",1,False,2025-09-16T18:39:18+03:00
saludo_con_solicitud,hola,hola comprendo pero solo manejo este,1,False,2025-06-26T02:50:01+03:00
saludo_con_solicitud,hola,"hola comprendo, en e momento revisnado solo los ofertados esperamso servir en otro momento",1,False,2025-10-15T19:05:58+03:00
saludo_con_solicitud,hola,hola con envio EXW seria este https://www.viaindustrial.com/cotizacion.asp?CotCliente=1260870&token=472826&p=201021,1,False,2025-12-09T03:23:57+03:00
saludo_con_solicitud,hola,hola con gusto https://www.viaindustrial.com/cotizacion.asp?CotCliente=1224916&token=459344&p=P260229,1,False,2025-07-31T03:26:28+03:00
saludo_con_solicitud,hola,hola con gusto https://www.viaindustrial.com/cotizacion.asp?CotCliente=1230765&token=461537&p=P325484 modifico oferta,1,False,2025-08-07T02:20:22+03:00
saludo_con_solicitud,hola,hola con gusto https://www.viaindustrial.com/cotizacion.asp?CotCliente=1235838&token=463439&p=P259840,1,False,2025-08-29T03:47:55+03:00
saludo_con_solicitud,hola,hola con gusto https://www.viaindustrial.com/cotizacion.asp?CotCliente=1240751&token=465282&p=P247942,1,False,2025-09-18T12:25:21+03:00
saludo_con_solicitud,hola,hola con gusto https://www.viaindustrial.com/cotizacion.asp?CotCliente=1241988&token=465746&p=P181234,1,False,2025-09-24T22:24:53+03:00
saludo_con_solicitud,hola,hola con gusto modifico https://www.viaindustrial.com/cotizacion.asp?CotCliente=1228447&token=460668&p=P319142,1,False,2025-08-05T16:42:05+03:00
saludo_con_solicitud,hola,HOLA CON GUSTO OFERTA MODIFICADA: https://www.viaindustrial.com/cotizacion.asp?CotCliente=1235596&token=463348&p=P249889,1,False,2025-08-27T21:13:09+03:00
saludo_con_solicitud,hola,"hola con gusto, mira la oferta",1,False,2025-07-02T03:57:01+03:00
saludo_con_solicitud,hola,hola confirmame x fis el nit,1,False,2025-07-04T03:54:25+03:00
saludo_con_solicitud,hola,hola Contador electrónico EC10 con pantalla digital Registro automático de lecturas de pasturas Memoria para almacenar hasta 99 potreros Puerto USB para descarga de datos,1,False,2025-12-04T18:17:18+03:00
saludo_con_solicitud,hola,Hola Cristian como puedo ayudarte,1,False,2025-10-08T16:28:57+03:00
saludo_con_solicitud,hola,Hola cual es la más económica,1,False,2025-12-09T15:57:39+03:00
saludo_con_solicitud,hola,hola cuando se cierra el chatr te interactua un robot,1,False,2025-10-09T02:53:53+03:00
saludo_con_solicitud,hola,Hola cómo es su nombre,1,False,2025-11-07T17:00:18+03:00
saludo_con_solicitud,hola,"Hola cómo estás, disculpa es que me llaman mucho por spam",1,False,2025-09-22T19:56:29+03:00
saludo_con_solicitud,hola,"Hola Dani, tengo este de 2 toneladas eléctrico te puedo dar el 16% de DESCUENTO. Te genero la proforma",1,False,2025-11-25T22:28:02+03:00
saludo_con_solicitud,hola,"hola de 4"""" esta https://www.viaindustrial.com/cotizacion.asp?CotCliente=1228879&token=460830&p=P244148",1,False,2025-08-05T20:56:52+03:00
saludo_con_solicitud,hola,hola de 90 https://www.viaindustrial.com/cotizacion.asp?CotCliente=1224240&token=459090&p=P248802,1,False,2025-07-15T05:18:50+03:00
saludo_con_solicitud,hola,hola debo importar 10 días hábiles y luego lo que demore de Colombia a Ecuador,1,False,2025-12-17T23:40:43+03:00
saludo_con_solicitud,hola,"hola debo importar, por lo tanto se debe pagar el anticipo y cuando llegue puedes pasar a recoger y pagar el excedente para entregar",1,False,2025-11-26T12:44:59+03:00
saludo_con_solicitud,hola,hola del control?? es q se oferto un controlador si Es esta Total: $ 1.131.452 ya con iva los item ofertados,1,False,2025-07-19T00:03:20+03:00
saludo_con_solicitud,hola,"Hola Diana, lamento el error y la demora. Te envio el link de la cotización actualizada",1,False,2025-12-04T23:05:58+03:00
saludo_con_solicitud,hola,"Hola Diego, lamento el mensaje de nuestra asistente virtual, SI es posible hacer la compra con la cedula. El equipo esta para importación entrega de 15-20 días. Podemos iniciar con el abono del 70% es decir 37.380.000 (Treinta y siete millones trescientos ochenta mil pesos.) y el restante para la entrega. Deseas continuar con el proceso de compra",1,False,2025-10-10T16:56:22+03:00
saludo_con_solicitud,hola,hola Diferencial de cadena manual 3 toneladas 3 metros es esta ultima,1,False,2025-11-05T15:53:09+03:00
saludo_con_solicitud,hola,hola dime con gusto en que te puedo servir,1,False,2025-12-17T20:09:21+03:00
saludo_con_solicitud,hola,hola disculpa q no veas q discutes con un robot,1,False,2025-10-09T23:44:07+03:00
saludo_con_solicitud,hola,Hola dn Diego buenas tardes,1,False,2025-11-19T21:32:50+03:00
saludo_con_solicitud,hola,"Hola dn Elber buenos dias, me ayudas por favor con el RUT de ustedes",1,False,2025-11-10T16:12:08+03:00
saludo_con_solicitud,hola,"Hola don Alcides, me confirmas, aprobada es la de 318 Kg dia",1,False,2025-07-10T22:13:51+03:00
saludo_con_solicitud,hola,"Hola don Alex, una vez la tenga lista te la comparto",1,False,2026-02-18T00:00:17+03:00
saludo_con_solicitud,hola,"Hola don Alexander buenos dias, espero se encuentre muy bien. cuentame desea iniciar con la compra",1,False,2025-12-01T17:20:53+03:00
saludo_con_solicitud,hola,Hola don Alfredo buenos dias,1,False,2025-07-11T17:23:18+03:00
saludo_con_solicitud,hola,"Hola don Alvaro buenas tardes, soy Estefania Gonzalez, te estaba llamando. me indicas en que momento me puedo comunicar por favor",1,False,2025-10-10T22:50:36+03:00
saludo_con_solicitud,hola,Hola don Alvaro buenos dias,1,False,2025-10-15T16:59:35+03:00
saludo_con_solicitud,hola,"Hola don Andres buenas tardes, cuenteme con la cotizacion que se actualizo la compra queda para este año",1,False,2025-12-04T23:31:29+03:00
saludo_con_solicitud,hola,"Hola don Andres buenos dias, te actualice con las 10 unidades, entrega de 30 dias https://www.viaindustrial.com/cotizacion.asp?CotCliente=1237098&token=463912&p=P251141",1,False,2025-09-03T19:33:16+03:00
saludo_con_solicitud,hola,"Hola don Andres muy buenos dias, fechas de fabricacion: 3 unidades de Sep 2024 y 1 unidad de Agosto 2024",1,False,2025-11-20T17:41:48+03:00
saludo_con_solicitud,hola,"Hola don Andres, entrega: 15 días, fecha de fabricación menor a 6 meses, descuento: 18% https://www.viaindustrial.com/cotizacion.asp?CotCliente=1257475&token=471553&p=P164280",1,False,2025-11-20T23:52:25+03:00
saludo_con_solicitud,hola,Hola don Antonio buenos dias como se encuentra ? ya el cliente le aprobo la compra de los medidores,1,False,2025-09-22T19:45:32+03:00
saludo_con_solicitud,hola,Hola don Arturo buenas tardes,1,False,2025-09-10T23:30:02+03:00
saludo_con_solicitud,hola,"Hola don Arturo buenos dias, espero se encuentre muy bien. podria informarme si desea continuar con la compra del equipo",1,False,2025-09-12T16:39:11+03:00
saludo_con_solicitud,hola,"Hola don Camilo muy buenos dias, la referencia ofertada viene Luz estroboscópica con Opciones de color claro: rojo, verde, azul, ámbar o blanco si necesitan mayor informacion para aprobar la compra me informa por favor",1,False,2025-10-01T19:25:08+03:00
saludo_con_solicitud,hola,Hola don Carlos buenas tardes,1,False,2025-07-18T21:11:40+03:00
saludo_con_solicitud,hola,"Hola don Carlos buenos dia, no hay problema se te factura en dolares y se hace el envio a Ecuador",1,False,2025-11-26T17:13:04+03:00
saludo_con_solicitud,hola,Hola don Carlos buenos dias,1,False,2025-12-12T19:36:26+03:00
saludo_con_solicitud,hola,"Hola don Carlos buenos dias, espero se encuentre muy bien. paso para validar si tienen actualizacion sobre la compra de la zaranda",1,False,2025-09-08T19:52:50+03:00
saludo_con_solicitud,hola,"Hola don Carlos con Estefania, quedo atenta cuando te queda bien y nos reunimos por meet",1,False,2025-07-23T23:46:27+03:00
saludo_con_solicitud,hola,"Hola don Carlos, no señor. En el momento solo tenemos el equipo nuevo que sería el que te había cotizado. En el momento tiene el 6% de DESCUENTO para la compra",1,False,2025-06-18T14:57:57+03:00
saludo_con_solicitud,hola,"Hola don Cesar te estaba llamando, me cuentas si van a realizar la compra para ir separando el equipo",1,False,2025-11-13T17:51:04+03:00
saludo_con_solicitud,hola,"Hola don Cristian buenas tardes, cuenteme cual codigo aprobaron",1,False,2025-09-20T00:50:04+03:00
saludo_con_solicitud,hola,"Hola don Daniel buenas tardes, dime a que numero me puedo comunicar para validar si ya te aprobaron la compra del Durometro === SYSTEM WZ === No puedes iniciar una correspondencia de 24 horas con este cliente usando la plantilla """"Marketing"""": eso es lo que decidió Meta. Envíe una plantilla de una categoría diferente",1,False,2025-11-11T23:08:32+03:00
saludo_con_solicitud,hola,"Hola don Daniel buenas tardes, te estaba llamando para validar si continuan interesados en la compra d los Interruptores de nivel",1,False,2025-09-19T00:08:09+03:00
saludo_con_solicitud,hola,"Hola don Daniel buenas tardes, te estaba llamando para validar si continuan interesados en la compra d los Interruptores de nivel >> >> esta en evaluación aún, depende de nuestro cliente final",1,False,2025-09-19T00:24:00+03:00
saludo_con_solicitud,hola,Hola don Daniel buenos dias,1,False,2025-11-19T18:03:55+03:00
saludo_con_solicitud,hola,"Hola don Daniel buenos dias === SYSTEM WZ === No puedes iniciar una correspondencia de 24 horas con este cliente usando la plantilla """"Marketing"""": eso es lo que decidió Meta. Envíe una plantilla de una categoría diferente",1,False,2025-11-19T18:04:02+03:00
saludo_con_solicitud,hola,"Hola don Daniel, valido con contabilidad que paso",1,False,2025-05-13T20:04:53+03:00
saludo_con_solicitud,hola,"Hola don Deiby buenos dias, tiene Capacidad de uso: 60 Toneladas. me cuentas si se ajusta a la capacidad que estan solicitando por favor",1,False,2025-10-15T19:45:15+03:00
saludo_con_solicitud,hola,hola don Diego el horno si carezco por ahora solo podemos quedar con al oferta enviada,1,False,2025-07-24T02:40:08+03:00
saludo_con_solicitud,hola,"Hola don Diego muy buenos dias, me confirmas por favor si desean iniciar con el proceso de compra",1,False,2026-01-23T19:22:57+03:00
saludo_con_solicitud,hola,"Hola don Duvier, ya reviso y te la envio",1,False,2025-06-27T18:48:42+03:00
saludo_con_solicitud,hola,"Hola don Edgar buenas tardes, cuentame ya aprobaron la compra del Monitor de gases",1,False,2025-08-14T22:35:36+03:00
saludo_con_solicitud,hola,Hola don Edwin cómo estas? Cuéntame cómo puedo ayudarte con la compra,1,False,2025-09-05T22:56:53+03:00
saludo_con_solicitud,hola,Hola don Elber muy buenos dias,1,False,2025-11-12T16:02:07+03:00
saludo_con_solicitud,hola,"Hola don Esteban buenos dias, cuentame en que te puedo ayudar",1,False,2025-10-21T17:24:05+03:00
saludo_con_solicitud,hola,hola don Fabian Controlador Firetrol AS-1199-003. no la tengo carezco,1,False,2025-08-22T01:29:43+03:00
saludo_con_solicitud,hola,"Hola don Fabio buenas tardes, Cuénteme en que te puedo colaborar con gusto",1,False,2025-05-13T23:26:16+03:00
saludo_con_solicitud,hola,"Hola don Fabio, he tenido fallas con el ws. como puedo ayudarte",1,False,2025-05-09T00:55:49+03:00
saludo_con_solicitud,hola,"Hola don Faver, te reconfirmo de 15-20 días después del pago. Y con el DESCUENTO te queda $1.962.096 Te lo facturo",1,False,2025-07-02T17:45:16+03:00
saludo_con_solicitud,hola,Hola don Fredy buenas tardes,1,False,2025-07-21T22:13:51+03:00
saludo_con_solicitud,hola,"Hola don Fredy buenas tardes, cuentame aun el cliente esta interesado en la compra",1,False,2025-08-12T23:41:14+03:00
saludo_con_solicitud,hola,"Hola don German muy buenas tardes, cuenteme ya compro la maquina desplumadora",1,False,2025-10-09T22:28:26+03:00
saludo_con_solicitud,hola,"Hola don German, ya reporte el Pago para continuar el proceso",1,False,2025-08-25T15:04:42+03:00
saludo_con_solicitud,hola,"Hola don Guillermo, te envié el link de la cotización actualizada con las 4 unidades y te envio el link con la información técnica de la Mirilla. Quedo atenta a la confirmación para enviarte la proforma. https://www.viaindustrial.com/mirilla-para-flujo-o-nivel-1-npt-macho-sfi-500b-1-dwyer/pp/P244599/",1,False,2025-10-07T23:39:39+03:00
saludo_con_solicitud,hola,"Hola don Harol con Estefania, por favor me envia el RUT para realizar la factura proforma",1,False,2025-08-27T04:59:37+03:00
saludo_con_solicitud,hola,"Hola don Harold buenos dias, espero estes muy bien. te estaba llamando para validar si aun estan interesados en la compra de la Mezcladora de alimentos",1,False,2025-09-04T18:21:22+03:00
saludo_con_solicitud,hola,"Hola don Harold buenos dias, te queria preguntar si la oc si sale para este año",1,False,2025-12-02T17:01:44+03:00
saludo_con_solicitud,hola,"Hola don Harold como estas, cuentame ya te dieron actualizacion sobre la oc",1,False,2025-11-25T23:52:38+03:00
saludo_con_solicitud,hola,"Hola don Harold muy buenos dias, cuando tengas un espacio por favor me informas como vas con la compra de las tablest",1,False,2025-12-16T18:35:29+03:00
saludo_con_solicitud,hola,"Hola don Harold, ¿cómo estás? Quería preguntarte por favor cuándo te puedo llamar para revisar el estado de la cotización. Nosotros salimos del 23 al 5, entonces la idea es dejar todo listo antes de irme",1,False,2025-12-19T00:29:37+03:00
saludo_con_solicitud,hola,"Hola don Hugo buenos dias, espero se encuentre muy bien. cuentame ya tienen aprobada la compra",1,False,2025-11-05T15:59:57+03:00
saludo_con_solicitud,hola,hola don Hugo te estaría llegando de Entrega: 3 a 5 DIAS habiles y te damos un dsto mira el nuevo enlace,1,False,2025-08-01T22:35:58+03:00
saludo_con_solicitud,hola,"Hola don Hugo, como puedo ayudarte",1,False,2025-06-12T18:49:54+03:00
saludo_con_solicitud,hola,"Hola don Hugo, soy Estefania. me confirmas por favor cual de los 2 codigos aprobaron",1,False,2025-10-21T17:07:41+03:00
saludo_con_solicitud,hola,Hola don Humberto muy buenos dias,1,False,2025-10-27T17:15:46+03:00
saludo_con_solicitud,hola,Hola don Humberto muy buenos dias === SYSTEM WZ === La plantilla de marketing no se puede enviar a este cliente en este momento debido a la limitación de mensajes de marketing. Inténtelo de nuevo más tarde o envíe una plantilla de otra categoría,1,False,2025-10-27T17:15:58+03:00
saludo_con_solicitud,hola,"HOLA DON IVAN para entrega un día hábil si hoy me haces el pedido mañana te entrego, estoy atenta",1,False,2025-07-23T23:18:03+03:00
saludo_con_solicitud,hola,"Hola don Jader, con Estefania. hablamos en la mañana",1,False,2025-07-31T19:36:41+03:00
saludo_con_solicitud,hola,"Hola don Jairo buenas tardes, enviame por favor el RUT te realizo la factura proforma",1,False,2025-11-24T22:37:13+03:00
saludo_con_solicitud,hola,"Hola don Jairo buenas tardes, enviame por favor el RUT te realizo la factura proforma === SYSTEM WZ === La plantilla de marketing no se puede enviar a este cliente en este momento debido a la limitación de mensajes de marketing. Inténtelo de nuevo más tarde o envíe una plantilla de otra categoría",1,False,2025-11-24T22:37:19+03:00
saludo_con_solicitud,hola,Hola don Javier como estas? Para enviarte la proforma de la fuente envíame tu Rut o cedula y la dirección de entrega,1,False,2025-09-09T14:42:31+03:00
saludo_con_solicitud,hola,"Hola don Javier, muchas gracias. mañana ingreso al link",1,False,2026-03-03T23:00:24+03:00
saludo_con_solicitud,hola,"hola don Jerson, hable con ingeniera y conforme lo que usted me indica el adecuado para su necesidad es: https://www.viaindustrial.com/cotizacion.asp?CotCliente=1217207&token=456453&p=P243830",1,False,2025-06-18T01:16:45+03:00
saludo_con_solicitud,hola,"Hola don Johan muy buenos dias, Te escribo para saber si aun estan interesados en la compra del Detector de gases",1,False,2025-10-29T17:02:18+03:00
saludo_con_solicitud,hola,Hola don John buenas tardes,1,False,2025-09-27T00:10:25+03:00
saludo_con_solicitud,hola,"Hola don Jordan buenas tardes, cuentame lograron revisar las fichas",1,False,2025-10-16T00:53:10+03:00
saludo_con_solicitud,hola,Hola don Jorge buenos dias,1,False,2025-07-11T17:29:05+03:00
saludo_con_solicitud,hola,"Hola don Jorge buenos dias, lograste revisar si la referencia se ajusta ? por favor me informa para ir separando la unidad",1,False,2025-10-29T19:57:22+03:00
saludo_con_solicitud,hola,"Hola don Jorge buenos días, cómo esta? Cuentame en que te puedo colaborar con gusto",1,False,2025-05-20T15:49:05+03:00
saludo_con_solicitud,hola,Hola don Jorge buens dias,1,False,2025-07-14T18:00:05+03:00
saludo_con_solicitud,hola,"Hola don Jose buenos dias, cuentame lograste revisar la nueva referencia",1,False,2025-10-02T17:17:49+03:00
saludo_con_solicitud,hola,"Hola don Jose muy buenos dias, enviame por favor el RUT les realizo la factura proforma",1,False,2025-12-10T15:47:07+03:00
saludo_con_solicitud,hola,"Hola don Jose muy buenos dias, soy Estefania. me envias por favor el RUT los voy creando en el sistema para generar la factura proforma",1,False,2025-10-29T16:40:08+03:00
saludo_con_solicitud,hola,"Hola don Joseth, si señor. ya que no estan en almacen se deben importar y ese es el tiempo de entrega. enviame el RUT te realizo la factura proforma para que puedan pasar a la oficina y hacer el abono para iniciar con la importacion",1,False,2025-07-16T14:09:03+03:00
saludo_con_solicitud,hola,"Hola don Juan buen `día, esta es la oferta https://www.viaindustrial.com/cotizacion.asp?CotCliente=1220317&token=457619&p=P323244 conforme la reunión de ayer telefónica",1,False,2025-07-02T16:28:29+03:00
saludo_con_solicitud,hola,"Hola don Juan buenos dias, la entrega del Sellador de latas es de 20 dias habiles Cuenta con 1 año de garantía por defecto de fabrica, también te brindamos soporte, mantenimiento y capacitación en caso de requerirla, la cual no tiene costo adicional. te sirve el tiempo de entrega",1,False,2025-09-03T18:42:01+03:00
saludo_con_solicitud,hola,Hola don Juan Soy Estefania. Me confirmas la características del flujómetro que solicitas,1,False,2025-11-04T23:51:00+03:00
saludo_con_solicitud,hola,"Hola don Juan, somos distribuidores. para cuando estiman realizar la compra '",1,False,2025-09-27T00:43:29+03:00
saludo_con_solicitud,hola,"Hola don Julian buenas tardes, cuentame ya el cliente te dio aprobacion",1,False,2026-01-30T22:45:53+03:00
saludo_con_solicitud,hola,"Hola don Julian buenas tardes, cuentame ya el cliente te dio aprobacion ? === SYSTEM WZ === La plantilla de marketing no se puede enviar a este cliente en este momento debido a la limitación de mensajes de marketing. Inténtelo de nuevo más tarde o envíe una plantilla de otra categoría",1,False,2026-01-30T22:45:58+03:00
saludo_con_solicitud,hola,"Hola don Julian buenas tardes, te estaba llamando para validar si ya te dieron aprobacion de compra de los Medidores de actividad de agua",1,False,2026-02-27T00:27:46+03:00
saludo_con_solicitud,hola,"Hola don Kevin buenas tardes, te estaba llamando para validar si continuan interesados en la compra del equipo",1,False,2025-11-11T22:48:08+03:00
saludo_con_solicitud,hola,"Hola don Kevin buenas tardes, ya valido el precio y le confirmo",1,False,2025-05-14T23:14:05+03:00
saludo_con_solicitud,hola,Hola don Kevin buenos dias,1,False,2025-07-25T15:40:49+03:00
saludo_con_solicitud,hola,"Hola don Kevin, si enviame los datos para realizar la factura proforma",1,False,2025-10-28T19:19:44+03:00
saludo_con_solicitud,hola,"Hola don Leonardo buenas tardes, estas maquinas son bajo pedido a fabrica, no contamos con unidades",1,False,2025-09-03T22:06:26+03:00
saludo_con_solicitud,hola,Hola don Leonardo bueos dias,1,False,2025-09-09T17:04:22+03:00
saludo_con_solicitud,hola,"Hola don Luis buenas tardes, tengo una llamada perdida. cuentame en que te puedo ayudar",1,False,2025-10-02T22:41:10+03:00
saludo_con_solicitud,hola,"Hola Don Luis, te cuento que este gato lo tenemos en el momento para importación bajo pedido Te envio el link con la imagen y las especificaciones del Gato. Podemos iniciar el proceso con el abono del 70% y el restante para la entrega",1,False,2025-10-07T00:44:35+03:00
saludo_con_solicitud,hola,"Hola don Maicol como estas, cuentame que actualizacion tienes",1,False,2025-11-14T00:30:13+03:00
saludo_con_solicitud,hola,"Hola don Maicol. el que esta en la cotizacion es de 3""""",1,False,2025-10-30T16:39:15+03:00
saludo_con_solicitud,hola,Hola don Marco buenos dias,1,False,2026-03-04T16:43:18+03:00
saludo_con_solicitud,hola,Hola don Mauricio buenos dias,1,False,2025-06-11T19:09:30+03:00
saludo_con_solicitud,hola,"Hola don Mauricio buneas tardes, te estaba llamando para saber si continua interesado en la compra de la máquina desplumadora de pollos",1,False,2025-06-13T22:01:43+03:00
saludo_con_solicitud,hola,Hola don Miguel buenos dias,1,False,2025-07-21T18:25:23+03:00
saludo_con_solicitud,hola,"Hola don Miguel buenos dias, espero se encuentre muy bien. paso para preguntarle si ya aprobaron la compra del Medidor de flujo",1,False,2025-09-11T19:35:25+03:00
saludo_con_solicitud,hola,Hola don Miguel como estas,1,False,2025-07-18T20:25:30+03:00
saludo_con_solicitud,hola,Hola don Nelson con Estefania como estas,1,False,2025-11-25T20:18:26+03:00
saludo_con_solicitud,hola,Hola don Nicolas buenos dias,1,False,2025-09-03T18:42:50+03:00
saludo_con_solicitud,hola,"Hola don Nilson buenas tardes, no olvides enviarme el NIT para realizar a factura proforma",1,False,2025-12-05T23:09:58+03:00
saludo_con_solicitud,hola,Hola don Orlando buenos dias,1,False,2025-12-15T17:41:00+03:00
saludo_con_solicitud,hola,"Hola don Orlando, descuento: 16%",1,False,2025-12-12T15:53:54+03:00
saludo_con_solicitud,hola,Hola don Oscar buenas tardes,1,False,2025-08-25T22:45:55+03:00
saludo_con_solicitud,hola,Hola Don Oscar buenos dias,1,False,2026-01-15T17:53:17+03:00
saludo_con_solicitud,hola,"Hola don Oscar como estas, te estaba llamando",1,False,2025-09-19T23:28:07+03:00
saludo_con_solicitud,hola,hola don Pedro del listado solo tengo esto https://www.viaindustrial.com/cotizacion.asp?CotCliente=1242578&token=465967&p=P258358,1,False,2025-09-25T16:55:43+03:00
saludo_con_solicitud,hola,"Hola don Ray buenas tardes, cuenteme continuan interesados en la compra de los equipos para este año",1,False,2025-12-04T23:52:08+03:00
saludo_con_solicitud,hola,"Hola don Ricardo buenas tardes, cuenteme desean ir al almacen a realizar la compra",1,False,2025-07-25T23:22:44+03:00
saludo_con_solicitud,hola,"Hola don Sergio buenas tardes, para confirmarte el precio me confirmas las unidades y ciudad de entrega",1,False,2025-09-22T20:05:40+03:00
saludo_con_solicitud,hola,"Hola don Sergio, con Estefania. por favor me envia el RUT los creo en el sistema",1,False,2025-09-06T00:28:24+03:00
saludo_con_solicitud,hola,"Hola don Tobias buenas tardes, soy Estefania Gonzalez. cual es la ciudad de entrega",1,False,2025-10-31T22:08:30+03:00
saludo_con_solicitud,hola,Hola don Victor buenas tardes,1,False,2025-09-03T20:50:45+03:00
saludo_con_solicitud,hola,"Hola don Victor, no olvides enviarme el RUT",1,False,2025-09-12T23:16:48+03:00
saludo_con_solicitud,hola,"Hola don Víctor, estamos pendientes de la confirmación de la Dirección de envio. Me la confirmas por favor",1,False,2025-04-11T18:41:22+03:00
saludo_con_solicitud,hola,"Hola don Wilmer buenas tardes, soy Estefania. cuentame ya le aprobaron la compra de la tablet",1,False,2025-12-02T22:56:37+03:00
saludo_con_solicitud,hola,"Hola don Wilmer muy buenos dias, para dar inicio con el proceso enviame por favor el RUT los voy creando en el sistema",1,False,2025-11-21T13:12:46+03:00
saludo_con_solicitud,hola,"Hola don Wilmer, te estaba llamando pero se corta",1,False,2025-11-21T00:05:31+03:00
saludo_con_solicitud,hola,"Hola doña Ana buen día. Te estaba marcando, me confirmas a que hora podemos hablar por favor",1,False,2025-03-28T19:06:28+03:00
saludo_con_solicitud,hola,"Hola doña Ana buen día. Te estaba marcando, me confirmas a que hora podemos hablar por favor. Dime",1,False,2025-03-28T22:00:31+03:00
saludo_con_solicitud,hola,hola doña Angela 4.605.300 total si se envia a ustedes,1,False,2025-06-09T21:27:54+03:00
saludo_con_solicitud,hola,"Hola doña Karol, enviame el Rut de ustedes y les genero la proforma para la compra y el link para el pago con tarjeta de Credito",1,False,2025-07-02T15:34:33+03:00
saludo_con_solicitud,hola,"Hola doña Sandra como estas? Según nuestra conversación te envio las fotos de las cajas y las medidas de la caja. Cada una de las cajas, son 4 cajas: 42 CM x 40 CM x 48 CM y pesa 12 KG >> >> Nunca llegó la foto",1,False,2025-09-12T00:06:39+03:00
saludo_con_solicitud,hola,"Hola doña Sonia Cómo estas, estoy a la espera de que me confirmen el Descuento por las cantidades para enviarte la cotización con lo que manejamos",1,False,2025-10-28T01:22:28+03:00
saludo_con_solicitud,hola,"Hola doña Sonia Cómo estas, estoy a la espera de que me confirmen el Descuento por las cantidades para enviarte la cotización con lo que manejamos. Vale muchas gracias",1,False,2025-10-28T01:23:53+03:00
saludo_con_solicitud,hola,Hola el 375 No me viene me viene EL 475,1,False,2025-08-27T20:37:23+03:00
saludo_con_solicitud,hola,Hola el costo es de 533 dólares cada guante,1,False,2025-06-27T18:50:54+03:00
saludo_con_solicitud,hola,hola el enlace te abrió,1,False,2025-12-11T00:50:17+03:00
saludo_con_solicitud,hola,"hola el manoemtro la conexión de 3/4 no me viene sino 4/4"""" vale",1,False,2025-08-08T19:51:18+03:00
saludo_con_solicitud,hola,hola el precio esta en dolares y estamos en Colombia en Bogotà,1,False,2025-12-12T20:13:58+03:00
saludo_con_solicitud,hola,"Hola el solo torso no manejamos, solo completo, lo oferto en todo caso",1,False,2025-11-13T15:47:54+03:00
saludo_con_solicitud,hola,"hola el tiempo de entrega son 15 días HABILES y las condiciones, son facturar, pagar y nosotros procedemos a importar y luego enviar a su pais",1,False,2025-11-06T01:23:21+03:00
saludo_con_solicitud,hola,hola en el momento no cuento con uno pero lo buscaremos,1,False,2025-10-15T03:13:49+03:00
saludo_con_solicitud,hola,hola en q peudo servir,1,False,2025-07-25T20:09:15+03:00
saludo_con_solicitud,hola,hola en que te podemos servirte,1,False,2025-07-30T00:26:29+03:00
saludo_con_solicitud,hola,hola en que te puedo servir con gusto,1,False,2025-09-10T02:32:27+03:00
saludo_con_solicitud,hola,Hola entrega de Entrega: 10 DIAS a 15 días,1,False,2025-12-12T19:41:02+03:00
saludo_con_solicitud,hola,hola entrega Entrega: 8 a 10 DIAS Y SI la capacitación viene incluida virtual,1,False,2025-09-24T01:42:17+03:00
saludo_con_solicitud,hola,"Hola Erika buenos dias, soy Estefania. te estaba llamando para validar cual es la referencia que van a comprar y la cantidad para separar las unidades",1,False,2025-12-02T18:49:10+03:00
saludo_con_solicitud,hola,"hola es con barras, si necesitas con plataforma se vende con corral",1,False,2025-06-17T08:14:03+03:00
saludo_con_solicitud,hola,hola es que te e indicado q se mete el robot cuando se cierra el chat,1,False,2025-11-14T01:22:13+03:00
saludo_con_solicitud,hola,hola es uqe fabrica aun no me contesta pero lo estamos verificnado vale,1,False,2025-09-02T00:07:45+03:00
saludo_con_solicitud,hola,hola esa incluido el flete y si el IVA si o si hay q pagarlo,1,False,2025-10-06T22:35:08+03:00
saludo_con_solicitud,hola,Hola ese me mide también más muscular Composición corporal,1,False,2025-10-17T14:22:47+03:00
saludo_con_solicitud,hola,hola esta es la ficha y ya te paso el principio de funcionamiento,1,False,2025-11-24T20:26:23+03:00
saludo_con_solicitud,hola,hola esta es la que tiene grado medico,1,False,2025-10-15T03:00:21+03:00
saludo_con_solicitud,hola,hola esta https://www.viaindustrial.com/cotizacion.asp?CotCliente=1231999&token=462000&p=P324833,1,False,2025-08-13T05:16:04+03:00
saludo_con_solicitud,hola,hola estaesla oferta dela balanza q necestano abree enlace,1,False,2025-07-17T05:05:56+03:00
saludo_con_solicitud,hola,Hola estamos a la espera de confirmación por parte del cliente final,1,False,2025-07-01T21:19:00+03:00
saludo_con_solicitud,hola,"Hola estamos atentos para saber si continúa interesado de la oferta enviada o no. E igual si tiene alguna otra necesidad, estamos para servirle Ingresa a este enlace y Optimiza tu eficiencia en nuestro buscador y ¡Potencia tu industria hoy! === SYSTEM WZ === La plantilla de marketing no se puede enviar a este cliente en este momento debido a la limitación de mensajes de marketing. Inténtelo de nuevo más tarde o envíe una plantilla de otra categoría",1,False,2025-09-14T00:46:01+03:00
saludo_con_solicitud,hola,"Hola estamos atentos para saber si continúa interesado de la oferta enviada o no. E igual si tiene alguna otra necesidad, estamos para servirle Ingresa a este enlace y Optimiza tu eficiencia en nuestro buscador y ¡Potencia tu industria hoy! === SYSTEM WZ === Mensaje no entregado. Motivos comunes: el usuario no ha iniciado sesión en WhatsApp durante mucho tiempo o no puede enviarle una plantilla de la categoría """"Marketing"""" en este momento. Prueba a escribir más tarde o a enviar una plantilla de otra categoría",1,False,2025-09-14T00:46:56+03:00
saludo_con_solicitud,hola,"Hola estamos atentos para saber si continúa interesado de la oferta enviada o no. E igual si tiene alguna otra necesidad, estamos para servirle Ingresa a este enlace y Optimiza tu eficiencia en nuestro buscador y ¡Potencia tu industria hoy! === SYSTEM WZ === The client has not installed the app or has linked it to another number",1,False,2025-09-14T00:42:08+03:00
saludo_con_solicitud,hola,"Hola estamos atentos para saber si continúa interesado de la oferta enviada o no. E igual si tiene alguna otra necesidad, estamos para servirle Ingresa a este enlace y Optimiza tu eficiencia en nuestro buscador y ¡Potencia tu industria hoy! https://viaindustrial.bitrix24.es/~9m4hS === SYSTEM WZ === Mensaje no entregado. Motivos comunes: el usuario no ha iniciado sesión en WhatsApp durante mucho tiempo o no puede enviarle una plantilla de la categoría """"Marketing"""" en este momento. Prueba a escribir más tarde o a enviar una plantilla de otra categoría",1,False,2025-09-14T00:37:05+03:00
saludo_con_solicitud,hola,"Hola este diafragma lo tengo para importación bajo pedido, entrega de 8-10 días. Te sirve este tiempo de entrega",1,False,2025-11-05T01:12:41+03:00
saludo_con_solicitud,hola,hola este es el que manejamos https://www.viaindustrial.com/cotizacion.asp?CotCliente=1234760&token=463035&p=P130901,1,False,2025-08-27T21:17:47+03:00
saludo_con_solicitud,hola,hola este es menor valor pero menor capacidad https://www.viaindustrial.com/cotizacion.asp?CotCliente=1262242&token=473341&p=P247926 5 kilos apenas el otro era de 10 a 20 kilos,1,False,2025-12-12T23:46:25+03:00
saludo_con_solicitud,hola,Hola Estefania buenos días como estas,1,False,2025-07-24T17:21:10+03:00
saludo_con_solicitud,hola,Hola Estefania como estas neceito comprar un medidor impedancia o resistencia interna de baterias,1,False,2025-11-05T00:05:43+03:00
saludo_con_solicitud,hola,"Hola Estefania, estoy realizando una cotización sobre Sistema basico de alarma de emergencia",1,False,2025-10-27T19:47:23+03:00
saludo_con_solicitud,hola,"Hola estefania, estábamos cotizando el actuador para un proyecto, pero ese proyecto esta como embolatado, ya no sabemos si nos lo vayan a dar. Sin embargo en caso de requerirse, me vuelvo a comunicar. Muchas gracias",1,False,2025-08-01T23:24:48+03:00
saludo_con_solicitud,hola,"hola estefania, muchas gracias por responder. ya realicé la compra. muchas gracias",1,False,2025-11-22T00:08:06+03:00
saludo_con_solicitud,hola,"Hola Estefanía, es un gusto saludarte",1,False,2025-11-14T16:56:26+03:00
saludo_con_solicitud,hola,Hola estoy buscando una bateria para slc 500 5/03 de Allen Bradley,1,False,2026-01-24T00:06:48+03:00
saludo_con_solicitud,hola,Hola estoy cotizando una máquina para contar billetes,1,False,2025-07-01T17:59:04+03:00
saludo_con_solicitud,hola,hola ficha: https://www.viaindustrial.com/detector-de-gas-pce-ga-10-pce-ga-10-pce/pp/P247330/,1,False,2025-06-18T02:07:16+03:00
saludo_con_solicitud,hola,Hola gracias estoy esperando q mi jefe de el visto bueno para proceder con la compra,1,False,2025-07-03T16:40:56+03:00
saludo_con_solicitud,hola,hola https://www.viaindustrial.com/cotizacion.asp?CotCliente=1215401&token=455775&p=304205 oferta con flete recuerda que es solo el flete los impuestos los pagan,1,False,2025-06-12T18:26:45+03:00
saludo_con_solicitud,hola,hola https://www.viaindustrial.com/cotizacion.asp?CotCliente=1229652&token=461120&p=P239388,1,False,2025-08-02T05:49:01+03:00
saludo_con_solicitud,hola,hola https://www.viaindustrial.com/cotizacion.asp?CotCliente=1231077&token=461654&p=P246059,1,False,2025-08-08T22:57:39+03:00
saludo_con_solicitud,hola,hola https://www.viaindustrial.com/cotizacion.asp?CotCliente=1236016&token=463506&p=P244043,1,False,2025-08-29T03:24:46+03:00
saludo_con_solicitud,hola,hola https://www.viaindustrial.com/cotizacion.asp?CotCliente=1243823&token=466434&p=P238152,1,False,2025-10-09T23:54:09+03:00
saludo_con_solicitud,hola,hola https://www.viaindustrial.com/cotizacion.asp?CotCliente=1251428&token=469286&p=P381575,1,False,2025-10-25T02:58:48+03:00
saludo_con_solicitud,hola,hola https://www.viaindustrial.com/cotizacion.asp?CotCliente=1254226&token=470335&p=P259251 esta es al oferta no te abre,1,False,2025-11-06T20:09:57+03:00
saludo_con_solicitud,hola,hola https://www.viaindustrial.com/cotizacion.asp?CotCliente=1261828&token=473186&p=P244713 oferta con flete EXW,1,False,2025-12-12T03:59:38+03:00
saludo_con_solicitud,hola,HOLA https://www.viaindustrial.com/escalera-de-24-pasos-l3022-24-louisville/pp/P246884/,1,False,2025-08-22T07:25:19+03:00
saludo_con_solicitud,hola,hola https://www.viaindustrial.com/mini-anemometro-digital-ut363bt-uni-t/pp/P239132/,1,False,2025-11-10T19:51:26+03:00
saludo_con_solicitud,hola,hola importación 15 días,1,False,2025-08-06T23:51:06+03:00
saludo_con_solicitud,hola,"hola is, tengo este https://www.viaindustrial.com/cotizacion.asp?CotCliente=1203099&token=451162&p=P249173",1,False,2025-04-24T00:59:02+03:00
saludo_con_solicitud,hola,"Hola Jairo, claro que si, regálame tu nit, para enviarte la factura proforma y comenzar el proceso",1,False,2025-07-02T19:18:28+03:00
saludo_con_solicitud,hola,"Hola Jennifer buenas tardes, te estaba llamando para validar si continuan interesados en la compra del medidor de cafe",1,False,2025-07-10T00:08:52+03:00
saludo_con_solicitud,hola,"Hola Johan, estos los tenemos en nuestra bodega de Miami y los traemos bajo pedido, entrega de 8-10 días. Te envio el link con las especificaciones del celular. Te lo facturo",1,False,2025-07-25T14:42:25+03:00
saludo_con_solicitud,hola,"Hola Julian, lamento la demora. La manta la tenemos para importación entrega de 8-10 días. Te sirve este tiempo de entrega",1,False,2025-10-01T16:04:59+03:00
saludo_con_solicitud,hola,"Hola Jully buenas tardes, cuentame si ya les aprobaron la compra }",1,False,2025-12-02T20:26:55+03:00
saludo_con_solicitud,hola,"Hola Karen, como puedo ayudarte en tu compra",1,False,2025-06-18T23:38:38+03:00
saludo_con_solicitud,hola,"Hola Karolok, tenermos pagos con tarjeta de credito. Caul es tu empresa",1,False,2025-07-01T23:51:59+03:00
saludo_con_solicitud,hola,"Hola Kate, estos los tenemos para importación bajo pedido, te sirve el tiempo de entrega",1,False,2025-08-20T12:52:16+03:00
saludo_con_solicitud,hola,"Hola Katherin, te es adicional, cotizacion actualizada",1,False,2025-09-30T02:51:08+03:00
saludo_con_solicitud,hola,"Hola Kelly buenos dias, espero estes muy bien. paso para validar si ya les aprobaron la compra de la Manta para Soldadura,80''",1,False,2025-06-16T19:12:39+03:00
saludo_con_solicitud,hola,"hola la capacitación virtual si, nosotros no generamos certificado de capacitación x q no estamos certificados, pero podemos generar una constancia sin ninguna validez ante entes reguladores",1,False,2025-11-06T20:14:41+03:00
saludo_con_solicitud,hola,hola la marca: little-giant y la garantía de un año pro defecto de fabrica directo con nosotros,1,False,2025-10-21T01:26:13+03:00
saludo_con_solicitud,hola,"hola la mas pequeña 25 kilos, esta https://www.viaindustrial.com/cotizacion.asp?CotCliente=1222793&token=458547&p=P245033",1,False,2025-07-10T09:03:11+03:00
saludo_con_solicitud,hola,"Hola la pase a gerencia para que apruebe, pero no me han dicho nada",1,False,2025-10-29T00:34:58+03:00
saludo_con_solicitud,hola,"Hola Lamentamos informarte que en el momento NO manejamos el equipo o servicio a cotizar, te compartimos nuestro portafolio para una próxima ocasión. https://www.viaindustrial.com/catalogo-instrumentacion-ferreteria-suplementos-industriales/",1,False,2025-10-02T18:12:27+03:00
saludo_con_solicitud,hola,Hola lamento la demora y el error de la asistente Virtual. Te envio el PDF de nuestro RUT,1,False,2026-01-28T17:03:31+03:00
saludo_con_solicitud,hola,Hola lamento la demora. Con el DESCUENTO te queda en $1.853.258 y te lo envio a la dirección que me indiques,1,False,2025-09-26T02:32:19+03:00
saludo_con_solicitud,hola,"Hola Lamento la demora. Si lo tenemos disponible, entrega de 10-15 días. Te sirve este tiempo de entrega",1,False,2025-12-16T19:07:55+03:00
saludo_con_solicitud,hola,"Hola Laura, estoy esperando dato de almacen para actualizar los recipientes",1,False,2025-05-28T20:34:21+03:00
saludo_con_solicitud,hola,hola le mas pequeño 15 galones https://www.viaindustrial.com/cotizacion.asp?CotCliente=1217010&token=456379&p=P203429,1,False,2025-06-17T08:01:59+03:00
saludo_con_solicitud,hola,Hola le pregunto tiene cede en medellín,1,False,2025-06-18T23:10:22+03:00
saludo_con_solicitud,hola,"hola lo pides, cacelas y se te importa Entrega: 15 a 20 DIAS",1,False,2025-11-05T20:55:17+03:00
saludo_con_solicitud,hola,"Hola lo que necesito es seguridad que el producto esta disponible, ya que otro proveedor me indica que este producto no está disponible en fabrica, entonces quiero tener la certeza que ustedes si lo tienen y me lo pueden entregar",1,False,2026-01-29T18:03:25+03:00
saludo_con_solicitud,hola,"Hola Luis, soy Estefania. Cómo puedo ayudarte con la compra",1,False,2025-11-12T19:28:26+03:00
saludo_con_solicitud,hola,hola manejamos este https://www.viaindustrial.com/cotizacion.asp?CotCliente=1241995&token=465748&p=P186828,1,False,2025-09-23T03:32:37+03:00
saludo_con_solicitud,hola,"hola manejamos este, déjame saber si se ajusta u otra https://www.viaindustrial.com/cotizacion.asp?CotCliente=1233992&token=462747&p=P179410",1,False,2025-08-21T18:18:16+03:00
saludo_con_solicitud,hola,hola maneo pero solo testeador de fibra óptica,1,False,2025-10-29T00:02:31+03:00
saludo_con_solicitud,hola,"Hola Marce buen día, si el equipo cuenta con con sensor en el dedo para las mediciones. Cuéntame cómo lo estas buscando",1,False,2025-09-24T14:16:34+03:00
saludo_con_solicitud,hola,"Hola Margaret muy buenos dias como estas, cuentame si van a realizar la compra de los equipos para este año",1,False,2025-12-02T18:23:36+03:00
saludo_con_solicitud,hola,"Hola Mariana, cual referencia aprobaron te confirmo las caracteristicas",1,False,2025-08-26T23:28:24+03:00
saludo_con_solicitud,hola,"Hola Martin, prespuesto y area en metros cuadrados a deshumidificar ? El presupuesto es de unos $600.000 y el área es de 70 a 80 metros 2",1,False,2025-07-03T16:44:37+03:00
saludo_con_solicitud,hola,"Hola Martín, tienen la posibilidad de un medidor que alcance a medir hasta 1 mm",1,False,2025-08-01T00:30:14+03:00
saludo_con_solicitud,hola,Hola me ayudas con la cotización formal,1,False,2026-02-10T23:59:31+03:00
saludo_con_solicitud,hola,hola me gustaria saber si dan credito a 30 dias a empresas para la compra de escaleras,1,False,2025-06-19T01:20:17+03:00
saludo_con_solicitud,hola,"Hola me puedes confirmar, si tienen Anemometeos",1,False,2025-11-27T23:41:11+03:00
saludo_con_solicitud,hola,Hola me puedes dar información,1,False,2025-12-26T20:14:20+03:00
saludo_con_solicitud,hola,"hola mi chinita, ya reviso",1,False,2025-10-30T22:27:11+03:00
saludo_con_solicitud,hola,"Hola mi nombre es Angela, me gustaría consultar por tubos de ensayo de vidrio tapa rosca 40 unidades en Bogota por favor",1,False,2025-09-05T18:22:37+03:00
saludo_con_solicitud,hola,hola mir ala ficha: https://www.viaindustrial.com/almohada-cortafuegos-fb369-3m/pp/P198341/,1,False,2025-11-14T01:32:47+03:00
saludo_con_solicitud,hola,hola mira al abrir el enlace esta la oferta https://www.viaindustrial.com/cotizacion.asp?CotCliente=1242599&token=465975&p=P286833,1,False,2025-09-24T17:41:25+03:00
saludo_con_solicitud,hola,hola mira que no me registra pero conmunmente es 1*1,1,False,2025-08-27T19:12:42+03:00
saludo_con_solicitud,hola,hola mire que venden etiquetadora térmicas,1,False,2025-07-02T22:41:01+03:00
saludo_con_solicitud,hola,"Hola Mirtha, ya deje solo el 201022",1,False,2025-07-15T19:24:56+03:00
saludo_con_solicitud,hola,Hola muy buenas tardes aun no recibimos respuesta del cliente gracias por estar atentos,1,False,2025-10-06T22:36:14+03:00
saludo_con_solicitud,hola,"Hola muy buenos dias === SYSTEM WZ === Mensaje no entregado. Motivos comunes: el usuario no ha iniciado sesión en WhatsApp durante mucho tiempo o no puede enviarle una plantilla de la categoría """"Marketing"""" en este momento. Prueba a escribir más tarde o a enviar una plantilla de otra categoría",1,False,2026-01-13T16:13:51+03:00
saludo_con_solicitud,hola,"Hola muy buenos dias, cuentame cual de las 2 referencias van a comprar",1,False,2025-12-18T15:58:43+03:00
saludo_con_solicitud,hola,"Hola muy buenos dias, cuentame que dudas tienen con la cotizacion",1,False,2025-08-19T15:55:46+03:00
saludo_con_solicitud,hola,"Hola muy buenos dias, cuentame si aun estan interesados en la compra de la maquina de hielo",1,False,2025-12-02T18:10:32+03:00
saludo_con_solicitud,hola,"Hola muy buenos dias, cuentame si aun estan interesados en la compra del termohigrometro",1,False,2025-12-02T19:26:44+03:00
saludo_con_solicitud,hola,"Hola muy buenos dias, cuentame si desean continuar con la compra de la Máquina de mantequilla de maní",1,False,2025-12-02T18:04:09+03:00
saludo_con_solicitud,hola,"Hola Nasly, como puedo ayudarte",1,False,2025-06-16T19:00:22+03:00
saludo_con_solicitud,hola,"Hola Natalia buenas tardes, cuentame para cuando estiman realizar la compra de los equipos",1,False,2025-07-08T00:56:49+03:00
saludo_con_solicitud,hola,"Hola Natalia buenas tardes, desde la semana pasada esta lista sin lo drones",1,False,2025-07-04T23:24:50+03:00
saludo_con_solicitud,hola,"Hola Natalia buenas tardes, espero se encuentre muy bien, paso para validar si continúan interesados en la compra de los equipos",1,False,2025-07-23T00:35:29+03:00
saludo_con_solicitud,hola,hola ne la parte inferior esta el flete,1,False,2025-06-17T07:19:39+03:00
saludo_con_solicitud,hola,"Hola Nelson, como puedo ayudarte en tu compra",1,False,2025-10-07T23:01:30+03:00
saludo_con_solicitud,hola,"hola no contamos con registro invima de hecho, de estos solo con el ofertado",1,False,2025-10-24T22:52:46+03:00
saludo_con_solicitud,hola,Hola No es lo que necesito,1,False,2025-06-28T02:16:10+03:00
saludo_con_solicitud,hola,hola no fue aca no están creados,1,False,2025-11-29T02:28:30+03:00
saludo_con_solicitud,hola,Hola no hay ninguno que me registre tipo D,1,False,2025-10-30T23:07:42+03:00
saludo_con_solicitud,hola,Hola no me llego el corro e,1,False,2025-02-06T20:13:28+03:00
saludo_con_solicitud,hola,"hola no me viene, de 600 pasa a 2000",1,False,2025-08-07T00:50:04+03:00
saludo_con_solicitud,hola,"hola no se escuchan lo audios, favor escribir",1,False,2025-10-06T22:40:21+03:00
saludo_con_solicitud,hola,"hola no se si pudiste abrir el enlace, al abrirlo esta el precio y la oferta",1,False,2025-11-11T12:55:56+03:00
saludo_con_solicitud,hola,"hola no señor, solo de contado, lo puede pagar con tarjeta de crédito y colocar así cuotas que indique",1,False,2025-07-24T06:38:35+03:00
saludo_con_solicitud,hola,"hola no señor, solo de contado, lo puede pagar con tarjeta de crédito y colocar así cuotas que indique === SYSTEM WZ === La plantilla de marketing no se puede enviar a este cliente en este momento debido a la limitación de mensajes de marketing. Inténtelo de nuevo más tarde o envíe una plantilla de otra categoría",1,False,2025-07-24T06:38:41+03:00
saludo_con_solicitud,hola,HOLA No tengo esa misma referencia https://www.viaindustrial.com/cotizacion.asp?CotCliente=1260950&token=472856&p=P150358,1,False,2025-12-05T23:16:33+03:00
saludo_con_solicitud,hola,Hola no venden sólo el contador,1,False,2025-07-07T23:18:06+03:00
saludo_con_solicitud,hola,hola no Voltaje: 110V AC,1,False,2025-11-13T01:32:51+03:00
saludo_con_solicitud,hola,"hola no, debes pagar para poder despachar, como cualquier otra compra",1,False,2025-09-06T04:35:17+03:00
saludo_con_solicitud,hola,"hola no, esta en dólares q pena con ustedes era el robot",1,False,2025-09-12T03:30:10+03:00
saludo_con_solicitud,hola,"hola no, por el momento solo el ofertado",1,False,2025-08-18T21:26:49+03:00
saludo_con_solicitud,hola,"hola no, se debe pagar para poder despachar",1,False,2025-10-09T20:01:08+03:00
saludo_con_solicitud,hola,hola ocn gusto https://www.viaindustrial.com/cotizacion.asp?CotCliente=1229162&token=460936&p=P104166,1,False,2025-08-01T03:57:51+03:00
saludo_con_solicitud,hola,"Hola Octavio, soy Estefanía. Cómo te fue con la Cotización 1245117",1,False,2025-10-03T16:13:29+03:00
saludo_con_solicitud,hola,hola oferta c orregida https://www.viaindustrial.com/cotizacion.asp?CotCliente=1233896&token=462711&p=P239947,1,False,2025-08-21T02:26:28+03:00
saludo_con_solicitud,hola,"hola oferta con el costo de envio https://www.viaindustrial.com/cotizacion.asp?CotCliente=1260863&token=472824&p=P260545 se factura, se paga por giro al banco codigo switf o pago x PSE",1,False,2025-12-05T23:42:44+03:00
saludo_con_solicitud,hola,hola oferta con flete a quito (no cubre impuestos) https://www.viaindustrial.com/cotizacion.asp?CotCliente=1227338&token=460252&p=P103035,1,False,2025-07-25T22:58:55+03:00
saludo_con_solicitud,hola,"hola oferta con flete, recuerda q es EXW bendiciones https://www.viaindustrial.com/cotizacion.asp?CotCliente=1255194&token=470698&p=P259298",1,False,2025-11-11T13:06:45+03:00
saludo_con_solicitud,hola,hola oferta en dolares https://www.viaindustrial.com/cotizacion.asp?CotCliente=1251370&token=469264&p=P251409,1,False,2025-10-28T19:01:14+03:00
saludo_con_solicitud,hola,"hola oferta en dólares americanos https://www.viaindustrial.com/cotizacion.asp?CotCliente=1232658&token=462247&p=P247926 y se cobra envio a su dirección, pero los costos de impeustos corre pro su cuenta",1,False,2025-08-16T04:49:18+03:00
saludo_con_solicitud,hola,hola oferta modificada https://www.viaindustrial.com/cotizacion.asp?CotCliente=1239475&token=464803&p=P242853,1,False,2025-09-14T06:05:10+03:00
saludo_con_solicitud,hola,Hola oferta modificada https://www.viaindustrial.com/cotizacion.asp?CotCliente=1252530&token=469699&p=P225505,1,False,2025-10-29T20:51:54+03:00
saludo_con_solicitud,hola,hola oferta modificada https://www.viaindustrial.com/cotizacion.asp?CotCliente=1253846&token=470192&p=P206178,1,False,2025-11-05T18:35:21+03:00
saludo_con_solicitud,hola,"Hola oferta modificada, las clase es el precio las tallas no varia precio solo q a al hora del pedido se especifica la talla https://www.viaindustrial.com/cotizacion.asp?CotCliente=1251194&token=469198&p=P116864",1,False,2025-10-24T18:36:39+03:00
saludo_con_solicitud,hola,"Hola Oscar, tienes una lista de los elementos que requieres",1,False,2025-09-26T23:23:04+03:00
saludo_con_solicitud,hola,"Hola Paola, la cotización hace referencia al par de cartuchos necesarios para los Respiradores. Te los facturo",1,False,2025-08-01T23:37:20+03:00
saludo_con_solicitud,hola,Hola para el proceso de compra por transferencia electrónica q cual es la cuenta,1,False,2025-06-10T15:48:57+03:00
saludo_con_solicitud,hola,hola para poder despachar se debe hacer el pago del 100% no enviamos sin pago total. Para el pago lo pueden hacer por PSE o por código Swift al banco de la empresa... dame los otros datos y te facturo y genero el enlace del pago con gusto,1,False,2025-06-13T05:51:21+03:00
saludo_con_solicitud,hola,hola para una próxima ocasión simplemente solo dejas el requerimiento y no interactúas con el robot ... cuando el asesor en este caso yo Angela regreso al chat en orden de llegada de chat atiendo tu solictud,1,False,2025-10-30T22:33:19+03:00
saludo_con_solicitud,hola,"Hola Paula buenas tardes, cuentame lograron revisar la cotizacion",1,False,2025-07-03T23:59:34+03:00
saludo_con_solicitud,hola,"Hola Paula, tenemos descuentos hasta el dia sabado, cuentame si fue aprobado para ir separando el equipo",1,False,2025-08-28T06:04:17+03:00
saludo_con_solicitud,hola,"hola perdon me confirma el tecnico que es para una valvula de tres vias de 1 1/2"""", ustedes manejan esa",1,False,2025-06-12T22:10:19+03:00
saludo_con_solicitud,hola,hola perfecto oferta modificada: https://www.viaindustrial.com/cotizacion.asp?CotCliente=1219244&token=457216&p=P260649,1,False,2025-06-26T06:04:59+03:00
saludo_con_solicitud,hola,"hola pero en digital ?? mas economico no, pero analoggo si",1,False,2025-09-03T02:17:04+03:00
saludo_con_solicitud,hola,Hola pero la entrega sería de 8 a 10 días,1,False,2025-12-12T01:06:04+03:00
saludo_con_solicitud,hola,Hola pero me falta que me confirme el valor del flete,1,False,2025-06-21T22:15:13+03:00
saludo_con_solicitud,hola,Hola pero porque dice kit,1,False,2025-10-08T21:50:23+03:00
saludo_con_solicitud,hola,hola pero si necesito referencia o modelo,1,False,2025-09-08T23:49:45+03:00
saludo_con_solicitud,hola,"Hola por favor de la cotización en referencia, el de 6"""" de que marca es? en donde lo fabrican"""" que garantía tiene",1,False,2025-09-11T18:39:00+03:00
saludo_con_solicitud,hola,hola por favor indicar que conexión,1,False,2025-08-13T05:07:18+03:00
saludo_con_solicitud,hola,Hola pregunta esa lámpara que lux tiene,1,False,2025-10-27T22:27:12+03:00
saludo_con_solicitud,hola,hola pues se tiene de otras para superficie o solo agua o para las dos agua y superficie... pero misma gama y presupuestos similares,1,False,2025-08-09T00:34:32+03:00
saludo_con_solicitud,hola,hola q pena era el robot,1,False,2025-09-18T12:12:05+03:00
saludo_con_solicitud,hola,hola q pena esta en dólares revisando la oferta y la entrega son 30 días ya que me toca traer de fabrica,1,False,2025-12-19T19:36:49+03:00
saludo_con_solicitud,hola,Hola q tal buenas noches,1,False,2025-11-08T03:05:07+03:00
saludo_con_solicitud,hola,hola que no tengo de 5 lpm solo el que oferte de 15 o ya me viene un flujo mas alto o mas bajo,1,False,2025-07-02T03:59:43+03:00
saludo_con_solicitud,hola,hola que pena estábamos en vacaciones... mañana te gestiono sin falta la prefactura vale,1,False,2026-01-07T02:36:24+03:00
saludo_con_solicitud,hola,hola que pena no incluye el iva es mas iva,1,False,2025-06-26T05:54:14+03:00
saludo_con_solicitud,hola,Hola quiero saber el precio de los zunchos,1,False,2025-06-16T17:24:47+03:00
saludo_con_solicitud,hola,Hola quiero saber el precio del zuncho,1,False,2025-06-16T19:18:22+03:00
saludo_con_solicitud,hola,Hola Quisiera confirmar stock del producto,1,False,2025-06-23T20:06:59+03:00
saludo_con_solicitud,hola,"Hola Rene, como puedo ayudarte con el tensiometro",1,False,2025-09-08T22:34:51+03:00
saludo_con_solicitud,hola,hola respondiendo a tu inquietud ■ Cantidad: 50 pies (15.24 metros),1,False,2025-08-20T17:23:21+03:00
saludo_con_solicitud,hola,hola revisando esta para entrega 8 a 10 dìas,1,False,2025-10-23T19:10:06+03:00
saludo_con_solicitud,hola,"hola revisando solo me viene de 1/2"""" de 1"""" no",1,False,2025-06-19T03:44:00+03:00
saludo_con_solicitud,hola,Hola Ricardo buen día como estas? También contamos con envíos a toda Colombia. Envíame tu Rut o Cedula y la dirección y te lo enviamos,1,False,2025-10-07T23:12:57+03:00
saludo_con_solicitud,hola,"Hola Rossy, como puedo ayudarte",1,False,2025-05-14T16:36:20+03:00
saludo_con_solicitud,hola,"Hola Sara buenas tardes, cuentame desean continuar con la compra de las alarmas",1,False,2025-06-13T21:55:23+03:00
saludo_con_solicitud,hola,hola se ria esta https://www.viaindustrial.com/cotizacion.asp?CotCliente=1246588&token=467470&p=P248518 Me pueden brindar esta cotización pero a nombre de la universidad de Manizales porfavor,1,False,2025-10-08T23:18:31+03:00
saludo_con_solicitud,hola,"hola se te envía a donde nos digas, así es desde Colombia a tu pais",1,False,2025-12-13T00:51:59+03:00
saludo_con_solicitud,hola,"Hola Sebastian buenos dias, te estaba llamando para validar que actualizacion tenias sobre la compra",1,False,2025-06-25T19:34:20+03:00
saludo_con_solicitud,hola,Hola Sebastian buenos días. Te cuento que el momento SOLO realizamos el servicio de los equipos que adquieren con nosotros. Me confirmas el Nit con el que realizaron la compra para validar en el sistema y enviarte la cotización,1,False,2026-02-19T14:37:37+03:00
saludo_con_solicitud,hola,"Hola Sebastian muy buenos dias, cuentame cmo van con la aprobacion del equipo",1,False,2025-06-16T18:24:21+03:00
saludo_con_solicitud,hola,hola seir este https://www.viaindustrial.com/cotizacion.asp?CotCliente=1241994&token=465748&p=P250327,1,False,2025-09-23T03:54:31+03:00
saludo_con_solicitud,hola,HOLA SERIA ESTA : https://www.viaindustrial.com/cotizacion.asp?CotCliente=1213462&token=455048&p=P250643,1,False,2025-10-09T23:34:18+03:00
saludo_con_solicitud,hola,hola seria esta : https://www.viaindustrial.com/cotizacion.asp?CotCliente=1231185&token=461694&p=P238148,1,False,2025-08-11T02:23:55+03:00
saludo_con_solicitud,hola,hola seria esta https://www.viaindustrial.com/cotizacion.asp?CotCliente=1246929&token=467598&p=P246602,1,False,2025-10-08T07:00:52+03:00
saludo_con_solicitud,hola,hola seria esta https://www.viaindustrial.com/cotizacion.asp?CotCliente=1247575&token=467841&p=381655,1,False,2025-10-10T19:35:26+03:00
saludo_con_solicitud,hola,hola seria esta: https://www.viaindustrial.com/cotizacion.asp?CotCliente=1240671&token=465252&p=P243872,1,False,2025-09-17T04:26:34+03:00
saludo_con_solicitud,hola,hola seria este https://www.viaindustrial.com/cotizacion.asp?CotCliente=1229257&token=460971&p=P104351,1,False,2025-08-01T03:45:15+03:00
saludo_con_solicitud,hola,hola seria para adecuarla... asi https://www.viaindustrial.com/cotizacion.asp?CotCliente=1216052&token=456020&p=P256457,1,False,2025-06-12T19:31:50+03:00
saludo_con_solicitud,hola,hola seriaa esta https://www.viaindustrial.com/cotizacion.asp?CotCliente=1213062&token=454898&p=226811,1,False,2025-06-27T09:05:11+03:00
saludo_con_solicitud,hola,"hola si al manejo, es esta https://www.viaindustrial.com/cotizacion.asp?CotCliente=1226564&token=459962&p=P333492",1,False,2025-07-23T22:38:55+03:00
saludo_con_solicitud,hola,hola si el 10%,1,False,2025-08-06T17:18:05+03:00
saludo_con_solicitud,hola,hola si el voltaje es ■ Voltaje: 220 VAC 200W,1,False,2025-06-24T23:38:29+03:00
saludo_con_solicitud,hola,"hola si es pesos, mira la oferta en dolares",1,False,2025-07-02T03:53:04+03:00
saludo_con_solicitud,hola,Hola si los valores son asi tal cual indica,1,False,2025-06-17T07:58:07+03:00
saludo_con_solicitud,hola,hola si mira: https://www.viaindustrial.com/cotizacion.asp?CotCliente=1224924&token=459346&p=P113851,1,False,2025-07-17T15:54:57+03:00
saludo_con_solicitud,hola,hola si necesita seria esta la oferta https://www.viaindustrial.com/cotizacion.asp?CotCliente=1229320&token=460995&p=P253451,1,False,2025-08-01T23:14:45+03:00
saludo_con_solicitud,hola,hola si solo asi como te oferto,1,False,2025-08-06T17:12:58+03:00
saludo_con_solicitud,hola,hola si soy Angela 324 6847017,1,False,2025-11-05T18:44:32+03:00
saludo_con_solicitud,hola,Hola si Ya fue cotizada al cliente. El solicita ficha tecnica la puede compartir,1,False,2025-09-10T17:57:48+03:00
saludo_con_solicitud,hola,"hola si, es en dólares americanos",1,False,2025-08-24T03:58:49+03:00
saludo_con_solicitud,hola,"Hola Solangie muy buenos dias, cuentame si te aprobaron la compra",1,False,2025-05-13T16:43:17+03:00
saludo_con_solicitud,hola,hola solo dolares o pesos colombianos,1,False,2025-08-07T00:05:26+03:00
saludo_con_solicitud,hola,hola solo puedo ofertar en dolares,1,False,2025-09-12T03:32:54+03:00
saludo_con_solicitud,hola,"Hola solo vendemos el equipo, no prestamos el servicio",1,False,2025-07-04T00:57:15+03:00
saludo_con_solicitud,hola,hola soy Angela en que puedo servir,1,False,2025-10-30T22:54:44+03:00
saludo_con_solicitud,hola,hola soy Angela en que puedo servir?? con gusto,1,False,2025-07-30T01:02:23+03:00
saludo_con_solicitud,hola,hola soy Angela en que puedo servirte o que inquietud puedo despejar con gusto,1,False,2025-08-01T03:59:48+03:00
saludo_con_solicitud,hola,"Hola soy Angela V tu Ejecutiva de cuenta. Para la factura proforma, por favor me compartes tu RUT o RUC y/o documento de identidad de su empresa en su país, este documento actualizado para crearlo o actualizar la información en el sistema, confirmando: * E-mail habilitado para facturación electrónica * Día de cierre contable * Dirección y ciudad de despacho * Cel y nombre de la persona que recibe Envíame la Info y proceso tu compra con gusto",1,False,2025-08-16T04:49:38+03:00
saludo_con_solicitud,hola,"hola soy Angela, es este https://www.viaindustrial.com/cotizacion.asp?CotCliente=1243134&token=466175&p=P258597",1,False,2025-09-26T22:21:56+03:00
saludo_con_solicitud,hola,"hola soy Angela, me dejas saber ne que puedo asesorar con gusto",1,False,2025-06-19T05:59:32+03:00
saludo_con_solicitud,hola,"Hola soy Estefania, como te puedo ayudar en tu compra",1,False,2025-11-04T23:39:47+03:00
saludo_con_solicitud,hola,"Hola soy Estefania, cuentame cual de las 2 referencias aprobaron y me envias el RUT les genero el pedido",1,False,2025-07-04T19:13:48+03:00
saludo_con_solicitud,hola,"Hola soy Estefania, cómo puedo ayudarte con la compra de la Cotizacion 1256791",1,False,2025-11-19T17:37:00+03:00
saludo_con_solicitud,hola,"Hola soy Estefania, Lamento la demora. Cómo puedo ayudarte con la compra",1,False,2026-02-27T15:10:11+03:00
saludo_con_solicitud,hola,"Hola soy Estefania, Me confirmas el numero de cotización que realizaron para validar por favor",1,False,2026-02-23T23:44:57+03:00
saludo_con_solicitud,hola,"Hola soy Estefania, Sra Diana este equipo es importado bajo pedido de 10 dias, puedes ir a la oficina y realizar el proceso de compra y una vez llegue le hacemos el envio o pasan por el",1,False,2025-09-19T18:32:38+03:00
saludo_con_solicitud,hola,"Hola soy Estefanía, como puedo ayudarte",1,False,2025-09-29T15:53:13+03:00
saludo_con_solicitud,hola,"Hola Stefani buenas tardes, lograron revisar el catalogo",1,False,2025-07-08T00:45:26+03:00
saludo_con_solicitud,hola,"Hola Stefani buenas tardes, lograron revisar el catalogo ? === SYSTEM WZ === No puedes iniciar una correspondencia de 24 horas con este cliente usando la plantilla """"Marketing"""": eso es lo que decidió Meta. Envíe una plantilla de una categoría diferente",1,False,2025-07-08T00:45:34+03:00
saludo_con_solicitud,hola,"Hola Stefani buenos dias, si con la balanza pueden programar los pesos",1,False,2025-07-04T19:17:35+03:00
saludo_con_solicitud,hola,"hola Sí, el medidor volumétrico de diafragma Honeywell/Elster AL‑425 sirve para GLP (Gas Licuado de Petróleo) además de gas natural",1,False,2025-12-13T00:48:54+03:00
saludo_con_solicitud,hola,HOLA tal cual y misma marca no manejo pero el homologo de mi marca es este https://www.viaindustrial.com/cotizacion.asp?CotCliente=1229080&token=460905&p=P259513,1,False,2025-07-31T17:40:43+03:00
saludo_con_solicitud,hola,"Hola Tania buenas tardes, espero te encuentres muy bien. paso para validar si ya iniciaron con la compra de los equipos >> >> Hola buenos días? Cómo estás? No señora aún no se ha realizado, estan todavía en revisión☺️",1,False,2025-10-20T16:34:08+03:00
saludo_con_solicitud,hola,Hola te comparto la ficha tecnica,1,False,2025-12-11T06:52:30+03:00
saludo_con_solicitud,hola,hola te cuento que solo me vienen las ofertadas q son: 150 cm o la otra q es 200 cm o la otra q es 100 cm... ya me dirás si te oferto por cada una las cantidad segun se acercan a las dadas,1,False,2025-08-02T00:11:53+03:00
saludo_con_solicitud,hola,Hola te envio Actualizada la cotización. Tienes una fecha estimada para la compra,1,False,2025-03-28T16:54:32+03:00
saludo_con_solicitud,hola,Hola te envio la foto de la broca. Me compartes una foto de tu taladro por favor,1,False,2025-06-20T19:40:00+03:00
saludo_con_solicitud,hola,Hola te envio los links con la información técnica de los termohigrómetros cotizados: https://www.viaindustrial.com/datalogger-de-temperatura-y-humedad-32000-puntos-tlog-10h-elitech/pp/P258681/,1,False,2025-07-15T23:37:25+03:00
saludo_con_solicitud,hola,Hola te la envio en dolares https://www.viaindustrial.com/cotizacion.asp?CotCliente=1221260&token=457972&p=P114652,1,False,2025-07-04T05:21:14+03:00
saludo_con_solicitud,hola,"Hola tengo esta otra referencia de 24 hojas, 40 minutos encendido/50 minutos apagado",1,False,2025-07-02T23:39:59+03:00
saludo_con_solicitud,hola,hola tengo este https://www.viaindustrial.com/cotizacion.asp?CotCliente=1227128&token=460173&p=P246517,1,False,2025-07-25T03:10:31+03:00
saludo_con_solicitud,hola,hola tengo este https://www.viaindustrial.com/cotizacion.asp?CotCliente=1249488&token=468558&p=P249463,1,False,2025-10-20T16:18:28+03:00
saludo_con_solicitud,hola,hola tiene una año pro defecto de fabrica directo con nosotros,1,False,2025-09-14T04:57:35+03:00
saludo_con_solicitud,hola,hola tienes razón ira https://www.viaindustrial.com/cotizacion.asp?CotCliente=1243391&token=466272&p=P381374 es este verdad,1,False,2025-09-26T23:51:18+03:00
saludo_con_solicitud,hola,hola todo desde Bogota para Medlelin,1,False,2025-09-10T02:31:46+03:00
saludo_con_solicitud,hola,hola todo es bajo pedido x q debo ensamblar,1,False,2025-10-30T00:00:13+03:00
saludo_con_solicitud,hola,"Hola Ubiely, en Bogota, pero enviamos a toda colombia, quieres que te mande la factura proforma",1,False,2025-06-16T22:12:56+03:00
saludo_con_solicitud,hola,"Hola Ubiely, en Bogota, pero enviamos a toda colombia, quieres que te mande la factura proforma ? No cualquier cosa yo le confirmo",1,False,2025-06-16T22:13:33+03:00
saludo_con_solicitud,hola,Hola un fa tu me confirmas si este producto es de importación por fa y si lo tienes para entrega inmediata,1,False,2025-09-30T19:27:50+03:00
saludo_con_solicitud,hola,"Hola Valentina, como es un equipo de prueba, no se instala, digamos que esta listo para usar. En el precio esta incluida la capacitación virtual. Incluye también el software con licencia permanente. Puede registrar hasta 5.000 muestras y se pueden ir pasando al pc, donde puede guardar el historial indefinidamente",1,False,2025-07-03T16:20:56+03:00
saludo_con_solicitud,hola,"Hola Valeria muy buenos dias, con Estefania como estas. enviame por favor el RUT los voy creando en el sistema",1,False,2026-01-09T17:50:47+03:00
saludo_con_solicitud,hola,"hola verificando Hola buen día, carecemos de lo indicado en su mensaje, esperamos poder servir en una próxima ocasión… atentos a sus comentarios y siempre para servirte Esperamos servir en una próxima oportunidad Ingresa a este enlace y Optimiza tu eficiencia en nuestro buscador y ¡Potencia tu industria hoy! https://viaindustrial.bitrix24.es/~9m4hS",1,False,2025-08-21T03:39:48+03:00
saludo_con_solicitud,hola,Hola verificando los POE INYECTOR AT 48V y 24ç,1,False,2025-08-15T03:43:32+03:00
saludo_con_solicitud,hola,"Hola Vicky lamento la demora, te confirmo que son 100ml, 3.3oz, cada formula. Te envio el link de la ficha técnica. Te genero la proforma? https://www.viaindustrial.com/catalogos_pdf/P239664.pdf",1,False,2025-11-04T16:06:39+03:00
saludo_con_solicitud,hola,"Hola Viviana buenas tardes, ya te consegui la otra cotizacion. indicame a que correo te la envio y de una vez cuentame que documentos necesitas de nosotros te los voy enviando",1,False,2025-08-19T20:07:19+03:00
saludo_con_solicitud,hola,hola ya me viene mas bajito o mucho mas lato pero de 5 no me viene sobre esto que me dijo,1,False,2025-07-01T20:18:10+03:00
saludo_con_solicitud,hola,"Hola Yesid buenos dias, con Estefania como estas ? ven ayudame por favor con las entradas de almacen de esos 2 equipos entregados que ya contabilidad me esta indcicando que se debe realizar la factura electronica",1,False,2025-12-05T16:24:38+03:00
saludo_con_solicitud,hola,Hola yo no necesito en Costa Rica,1,False,2025-09-10T18:22:48+03:00
saludo_con_solicitud,hola,Hola! Bnas tardes como estas,1,False,2026-03-11T22:05:00+03:00
saludo_con_solicitud,hola,"Hola! Estamos disfrutando de un merecido descanso, por fuera del horario comercial, pero ¡No te preocupes! volveremos pronto y serás nuestra prioridad. Mientras tanto, te invitamos a dar un paseo por nuestro catálogo: https://wa.me/c/573155614555 y dejarnos todas tus dudas",1,False,2025-06-18T15:37:55+03:00
saludo_con_solicitud,hola,"Hola! Gracias por tu mensaje, en este momento no te podemos responder. Lo haremos lo antes posible, recuerda nuestros horarios de atención",1,False,2025-09-22T14:16:33+03:00
saludo_con_solicitud,hola,Hola! Me podrías contar cuál de los dos sería este,1,False,2025-06-26T22:52:17+03:00
saludo_con_solicitud,hola,"Hola!!!☀️ En este momento no podemos responder, pero lo haremos lo antes posible. Nuestro horarios es de lunes a viernes de 7:00 AM a 12:00 M y de 2:00 PM a 5:00 PM, sábados de 8 a 12 m, festivos de 8:00 AM a 12:00 M . Gracias por entender",1,False,2025-06-26T03:22:56+03:00
saludo_con_solicitud,hola,"hola, 30 metros me viene no 6 metros, enviooferta Lo mínimo que venden son 30 metros",1,False,2025-07-02T01:06:37+03:00
saludo_con_solicitud,hola,"Hola, >>Espero que este bien. Hemos regresado de nuestras vacaciones. Deseándoles un exitoso 2026 gracias Estefania, feliz y prospero año 2026",1,False,2026-01-07T16:14:42+03:00
saludo_con_solicitud,hola,"Hola, Acopi Yumbo flete $ 35.000, te hago la factura proforma",1,False,2025-10-08T23:53:15+03:00
saludo_con_solicitud,hola,"Hola, Buen día. Lamento la demora, si te puedo sostener el DESCUENTO, me confirmas la ciudad de entrega",1,False,2026-02-26T17:43:47+03:00
saludo_con_solicitud,hola,"Hola, buen día. Nuestro teléfono de contacto es 6012129044. ¿En qué puedo ayudarte hoy? Necesito un numero que me puedan atender , a éste numero no reciben la llamada",1,False,2026-03-03T18:47:27+03:00
saludo_con_solicitud,hola,"Hola, buenas tardes, estamos atendiendo otro temas del proyecto, en cuanto retomemos las gafas de realidad aumentada estaremos comunicándonos de nuevo",1,False,2025-10-16T01:09:08+03:00
saludo_con_solicitud,hola,"Hola, buenas tardes. Espero que se encuentre bien. Te habla Alison Mina de la empresa TAESMET SAS Me podrías por favor ayudar con la cotización de SUMINISTRO ESTACIÓN MANUAL DIRECCIONABLE y SUMINISTRO E INSTALACIÓN SIRENA/STROBO, ambos por cantidad de 1",1,False,2025-09-30T21:01:04+03:00
saludo_con_solicitud,hola,"Hola, buenas tardes. Hace días coticé un Georreferenciador, quisiera saber si podrían regalarme esa cotización en PSD",1,False,2025-07-21T19:26:39+03:00
saludo_con_solicitud,hola,"Hola, buenos días. ¿En qué puedo ayudarte hoy",1,False,2025-06-19T18:35:09+03:00
saludo_con_solicitud,hola,"Hola, Básicamente tiene dos piezas principales, el transmisor y otra el receptor. Con un ejemplo se puede entender. El transmisor se pone dentro de una nevera, cierro la nevera y el receptor que esta afuera va indicarnos por que lado de la nevera esta la fuga",1,False,2025-06-18T23:16:25+03:00
saludo_con_solicitud,hola,"Hola, capacidad de 1000 litros; ahora el peso depende del producto. Que producto va mezclar",1,False,2025-11-14T20:01:39+03:00
saludo_con_solicitud,hola,"Hola, claro que si te envio el link actualizado. Te cuento que nos quedan las ultimas unidades disponibles con DESCUENTO",1,False,2025-09-05T00:23:18+03:00
saludo_con_solicitud,hola,"Hola, Claro que si te envio el Link con la información técnica: https://www.viaindustrial.com/producto.asp?codigo=234567",1,False,2025-05-29T17:23:34+03:00
saludo_con_solicitud,hola,"Hola, Claro que si te envio nuestro Rut y ya mismo indico en contabilidad para la emisión de la factura confirmas el correo para el envio",1,False,2025-08-28T22:16:38+03:00
saludo_con_solicitud,hola,"Hola, Cuenta con 1 año de garantía por defecto de fabrica, también te brindamos soporte, mantenimiento y capacitación en caso de requerirla, la cual no tiene costo adicional",1,False,2025-08-26T06:42:48+03:00
saludo_con_solicitud,hola,"Hola, cómo estas? Entretenimiento Cj, En qué te puedo colaborar",1,False,2025-06-09T15:01:29+03:00
saludo_con_solicitud,hola,"Hola, el medidor es marca acquatti, tiene 1 año de garantía con nosotros. Te lo facturo",1,False,2025-09-11T18:49:46+03:00
saludo_con_solicitud,hola,"hola, en el momento solo con las dos ofertadas la del medio esta agotada",1,False,2025-06-17T07:50:23+03:00
saludo_con_solicitud,hola,"Hola, en este link puedes descargar el catalogo del equipo https://www.viaindustrial.com/catalogos_pdf/P245268.pdf",1,False,2025-09-19T00:01:37+03:00
saludo_con_solicitud,hola,"hola, en que te puedo servir",1,False,2026-01-07T00:32:27+03:00
saludo_con_solicitud,hola,"hola, en un momento te confirmo",1,False,2025-05-21T18:07:34+03:00
saludo_con_solicitud,hola,"Hola, enviame el RUT los creo en el sistema para generar la factura proforma",1,False,2025-11-27T23:32:08+03:00
saludo_con_solicitud,hola,"Hola, es de Entrega: 10 a 15 te sirve",1,False,2025-11-22T00:46:01+03:00
saludo_con_solicitud,hola,"hola, es fácil de conectar y si se pueden",1,False,2025-12-11T17:44:30+03:00
saludo_con_solicitud,hola,"hola, esa referencia esta descontinauda me viene esta https://www.viaindustrial.com/cotizacion.asp?CotCliente=1262335&token=473376&p=P262177",1,False,2025-12-18T00:10:35+03:00
saludo_con_solicitud,hola,"Hola, Espero que este bien. Hemos regresado de nuestras vacaciones. Deseándoles un exitoso 2026",1,False,2026-01-07T16:12:33+03:00
saludo_con_solicitud,hola,"Hola, esta es la referencias mas economica que tenemos en el momento, se encuentra de entrega inmediata y tiene descuento del 16%",1,False,2025-06-24T16:48:39+03:00
saludo_con_solicitud,hola,"hola, esta seria con la certificacion",1,False,2025-08-27T17:29:47+03:00
saludo_con_solicitud,hola,"Hola, estoy cotizando un ventilador para un equipo de soldadura",1,False,2025-09-30T22:05:58+03:00
saludo_con_solicitud,hola,"hola, gracias la cosa es que por los tiempos no me funciona, no puedo esperar 20 dias a que la traingan, les agradezco mucho si llegas a tener en stock la grande me avisas que sin dudarlo se compra",1,False,2025-09-05T05:16:43+03:00
saludo_con_solicitud,hola,"Hola, gracias por ponerte en contacto con Meloe Sas. Recuerda qué nuestro horario es de Lunes a viernes de 7:00am a 5:00pm Sábados de 7:00 am a 12:00pm",1,False,2026-03-12T14:12:52+03:00
saludo_con_solicitud,hola,"hola, https://www.viaindustrial.com/cotizacion.asp?CotCliente=1246282&token=467356&p=P251091 seria etse",1,False,2025-10-06T23:23:42+03:00
saludo_con_solicitud,hola,"Hola, indicame cual de las opciones van a comprar le envio la factura proforma https://www.viaindustrial.com/cotizacion.asp?CotCliente=1259423&token=472284&p=P219225",1,False,2025-12-04T03:10:12+03:00
saludo_con_solicitud,hola,"Hola, indicame el presupuesto revisamos",1,False,2025-06-13T23:43:42+03:00
saludo_con_solicitud,hola,"Hola, José, dólares. En que Pais se encuentra",1,False,2025-09-29T18:13:41+03:00
saludo_con_solicitud,hola,"Hola, la Cantidad es una Caja por 4 frascos; 40 tiras por frasco (160 tiras). Cuéntame que te dijo gerencia, Te lo facturo? para que aprovechen el DESCUENTO",1,False,2025-07-31T15:08:16+03:00
saludo_con_solicitud,hola,"Hola, la cotización para la prensa hidráulica de 20 toneladas ya está disponible aquí: >>https://www.viaindustrial.com/cotizacion.asp?CotCliente=1216436&token=456164&p=P250469 >> >>También estoy recopilando la información y fichas técnicas de la trituradora, lavadoras, secadoras y líneas de extrusión para producir madera plástica. Te las envío cuanto antes. Quedo atenta para cualquier duda o consulta adicional. No tienes otra prensa que el tamaño del embalaje sea más grande",1,False,2025-07-02T16:09:47+03:00
saludo_con_solicitud,hola,"Hola, lamento la demora y el error de la asistente virtual, si lo tenemos disponible. Te genero la proforma",1,False,2026-01-29T18:14:06+03:00
saludo_con_solicitud,hola,"Hola, lamento la demora y el error de la asistente virtual, si lo tenemos disponible. Te genero la proforma? === SYSTEM WZ === La plantilla de marketing no se puede enviar a este cliente en este momento debido a la limitación de mensajes de marketing. Inténtelo de nuevo más tarde o envíe una plantilla de otra categoría",1,False,2026-01-29T18:14:11+03:00
saludo_con_solicitud,hola,"Hola, lamento la demora. Te confirmo que el equipo No necesita ni baterías ni estar conectado, con la manivela funciona. Te cuento que me queda la Ultima unidad disponible para entrega INMEDIATA y en el momento tiene el 16% de DESCUENTO. Te la facturo",1,False,2025-06-12T18:41:55+03:00
saludo_con_solicitud,hola,"Hola, lamento la demora. Te envio el link de la cotización",1,False,2025-08-01T18:49:26+03:00
saludo_con_solicitud,hola,"Hola, lamento la demora. Una vez realizado el pago se alista para enviarlo a la dirección que me indiques. Envíame tu Rut o Cedula y la dirección para enviarte la proforma. Te cuento que en el momento cuenta con el 5% de DESCUENTO para la compra",1,False,2025-08-06T17:42:56+03:00
saludo_con_solicitud,hola,"Hola, lograste revisar la cotizacion",1,False,2025-12-19T20:14:26+03:00
saludo_con_solicitud,hola,"Hola, los necesito de 60 cm de diámetro",1,False,2025-09-15T20:54:48+03:00
saludo_con_solicitud,hola,"Hola, me compartes por favor el Nit de ustedes",1,False,2025-06-21T01:05:54+03:00
saludo_con_solicitud,hola,"Hola, Me confirmas si te llego te lo envie desde Comercial@viaindustrial.com",1,False,2025-02-26T00:59:58+03:00
saludo_con_solicitud,hola,"Hola, me hablan de esta medida",1,False,2025-06-13T23:53:00+03:00
saludo_con_solicitud,hola,"Hola, me puedes asegurar que en 10 días si están disponibles",1,False,2025-11-06T18:58:08+03:00
saludo_con_solicitud,hola,"hola, mira la ficha https://www.viaindustrial.com/facturas_f.asp?numero_fac=20202",1,False,2025-06-28T09:07:05+03:00
saludo_con_solicitud,hola,"hola, mira la oferta con el interruptor inicial que me pides https://www.viaindustrial.com/cotizacion.asp?CotCliente=1227393&token=460272&p=P126751",1,False,2025-11-06T18:21:36+03:00
saludo_con_solicitud,hola,"hola, mira que estuve corroborando con mi proveedor donde importo y no, mira que no la tengo sino completa",1,False,2025-08-21T03:04:05+03:00
saludo_con_solicitud,hola,"Hola, muy buen día !! Estaré atento... muchas gracias",1,False,2025-11-12T14:25:30+03:00
saludo_con_solicitud,hola,"Hola, necesito comprar trituradora industrial de papel alto alcance",1,False,2025-06-27T23:44:07+03:00
saludo_con_solicitud,hola,"hola, no lo manejo, sino con gusto",1,False,2025-10-16T20:59:38+03:00
saludo_con_solicitud,hola,"hola, no manejamos, sino con gusto",1,False,2025-07-18T08:07:18+03:00
saludo_con_solicitud,hola,"hola, no no manejamos sino con gusto",1,False,2025-07-02T03:55:33+03:00
saludo_con_solicitud,hola,"hola, no señor me toca importar",1,False,2025-07-12T02:51:03+03:00
saludo_con_solicitud,hola,"hola, no tengo repuestos sino con gusto",1,False,2025-08-05T20:01:19+03:00
saludo_con_solicitud,hola,"hola, no tengo sino lo ofertado",1,False,2025-08-01T03:58:48+03:00
saludo_con_solicitud,hola,"hola, no todo sale de Colombia Costa Rica",1,False,2025-09-26T21:46:14+03:00
saludo_con_solicitud,hola,"hola, no, todo desde Colombia a Ecuador",1,False,2025-08-16T04:43:25+03:00
saludo_con_solicitud,hola,"hola, no... solo Desde Colombi para Costa rica",1,False,2025-10-10T22:57:57+03:00
saludo_con_solicitud,hola,"hola, oferta modificada: https://www.viaindustrial.com/cotizacion.asp?CotCliente=1257953&token=471732&p=P243403",1,False,2025-12-03T14:01:12+03:00
saludo_con_solicitud,hola,"Hola, para cotizar, es importante que me brindes cuantos KILOS? Quedo súper atenta",1,False,2025-08-04T23:45:38+03:00
saludo_con_solicitud,hola,"Hola, perfecto. Quedo atenta en lo que te pueda apoyar o si hay algún factor decisivo para la compra me cuentas",1,False,2025-11-06T18:57:01+03:00
saludo_con_solicitud,hola,"Hola, perfecto. Quedo atenta para cuando decidas confirmar o si necesitas que te mande la factura proforma en cualquier momento. ¡Aquí estoy para ayudarte! Gracias",1,False,2025-06-16T22:15:20+03:00
saludo_con_solicitud,hola,"Hola, pero qué características tiene el de 500mil",1,False,2025-11-29T00:45:13+03:00
saludo_con_solicitud,hola,"Hola, por favor me confirmas. son 5 toneladas",1,False,2025-09-08T23:51:56+03:00
saludo_con_solicitud,hola,"Hola, por favor me envias el RUT los creo en el sistema y te genero la factura proforma",1,False,2025-10-28T23:53:12+03:00
saludo_con_solicitud,hola,"Hola, pudiste confirmar el producto",1,False,2025-09-04T00:36:56+03:00
saludo_con_solicitud,hola,"Hola, puede brindarme algun tipo de respuesta? por favor, estoy al pendiente",1,False,2025-11-12T19:18:30+03:00
saludo_con_solicitud,hola,"Hola, puede ser otra. Es que ese equipo lo teníamos, pero se nos dañó, y estamos buscando otro, pero ese ya esta descontinuado. Solo uds lo tienen pero esta lejos del presupuesto",1,False,2025-06-04T04:03:09+03:00
saludo_con_solicitud,hola,"Hola, Puedes realizar un abono del 70% para iniciar el proceso, y el saldo restante se pagará una vez el equipo llegue al almacén",1,False,2025-09-15T20:24:15+03:00
saludo_con_solicitud,hola,"hola, pues se reviso con importación y no hay error, esperamos servir en otro momento",1,False,2025-10-30T20:40:19+03:00
saludo_con_solicitud,hola,"hola, q pena eso no lo sabemos eso lo define la aduana de tu pais",1,False,2025-06-12T18:29:05+03:00
saludo_con_solicitud,hola,"hola, revisando... en el momento solo tengo el ofertado",1,False,2025-11-25T00:54:01+03:00
saludo_con_solicitud,hola,"hola, seria colocar este equipo en cada habitación y que haga su efecto y cambiarla a la otra https://www.viaindustrial.com/cotizacion.asp?CotCliente=1261553&token=473082&p=P381275",1,False,2025-12-10T19:49:32+03:00
saludo_con_solicitud,hola,"hola, si con gusto https://www.viaindustrial.com/cotizacion.asp?CotCliente=1257535&token=471576&p=P169995",1,False,2025-11-21T13:14:57+03:00
saludo_con_solicitud,hola,"hola, si en la parte inferior esta el total pro las 5 unidades y el costo de envió el cual no incluye impuestos solo envió",1,False,2025-09-04T23:30:32+03:00
saludo_con_solicitud,hola,"hola, si es 110 voltios",1,False,2025-12-12T17:39:44+03:00
saludo_con_solicitud,hola,"hola, si es de ese mismo alcoholimetro",1,False,2025-12-15T12:14:27+03:00
saludo_con_solicitud,hola,"Hola, si ese es el costo y en el momento cuenta con el 20% de DESCUENTO para la compra. Ustedes son los usuarios finales",1,False,2025-10-30T23:48:41+03:00
saludo_con_solicitud,hola,"Hola, si hacemos envíos a México ya te actualizo el link de la cotización con el envio. También te envio el link con la información del Kit y todo lo que incluye: https://www.viaindustrial.com/kit-sistema-comando-de-incidentes-kit-sistema-comando-gpc/pp/P253821/",1,False,2025-10-07T17:24:59+03:00
saludo_con_solicitud,hola,"Hola, si hay algun factor decisivo para realizar la compra con nosotros me informas por favor",1,False,2025-07-24T19:04:44+03:00
saludo_con_solicitud,hola,"Hola, si la compra se hace en septiembre hacemos un 3% adicional de descuento, es decir 23%",1,False,2025-09-29T17:58:06+03:00
saludo_con_solicitud,hola,"Hola, si los tengo disponibles. Cuantos necesitas? Enviame tu Rut y la dirección de entrega y te lo facturo",1,False,2025-05-30T19:44:03+03:00
saludo_con_solicitud,hola,"hola, si seria glory esta",1,False,2025-06-09T21:15:14+03:00
saludo_con_solicitud,hola,"Hola, si señor el total es de Total: $ 21.234.636 Se debe hacer factura electronica",1,False,2025-12-11T06:43:06+03:00
saludo_con_solicitud,hola,"Hola, si, deseo saber que tipo de documentación o certificación traen los bloques",1,False,2025-07-08T01:44:06+03:00
saludo_con_solicitud,hola,"hola, solo manejo una referencia de cada capacidad",1,False,2025-07-02T03:54:38+03:00
saludo_con_solicitud,hola,"Hola, son equipos importados con estrega de 10 dias habiles",1,False,2025-09-18T00:15:26+03:00
saludo_con_solicitud,hola,"Hola, soy Estefania, si realizamos envios a peru, en la cotizacion encuentras el valor del envio no me lo indican en la cotización",1,False,2025-11-13T19:36:02+03:00
saludo_con_solicitud,hola,"Hola, soy Estefania. Me confirmas de cuantos canales lo necesitas y si necesitas que guarde la información o solo que tome las medidas",1,False,2026-01-20T01:40:13+03:00
saludo_con_solicitud,hola,"Hola, soy Sara Vera quisiera saber como le fue con la cotización del equipo. ¿Tienes alguna inquietud técnica o presupuestal en la que te pueda apoyar, o hay algún factor decisivo para cerrar la negociación",1,False,2025-02-04T23:55:39+03:00
saludo_con_solicitud,hola,"Hola, te actualice con el 6504 revisa cual de las 2 referencias se ajusta https://www.viaindustrial.com/cotizacion.asp?CotCliente=1216163&token=456061&p=P242988",1,False,2025-06-13T23:24:14+03:00
saludo_con_solicitud,hola,"Hola, te actualice la referencia que tenemos entrega de 1 dia, la otra esta agotada",1,False,2025-12-09T23:31:36+03:00
saludo_con_solicitud,hola,"Hola, te agregue otras opciones de la marca accubanker https://www.viaindustrial.com/cotizacion.asp?CotCliente=1254328&token=470373&p=P251026",1,False,2025-11-07T23:09:45+03:00
saludo_con_solicitud,hola,"Hola, te comparto nuestro portafolio para que validen todas las líneas que manejamos. https://www.viaindustrial.com/catalogo-instrumentacion-ferreteria-suplementos-industriales/ Manejamos Sensores, Controles, Actuadores y Herramientas para todo tipo de variable física o química",1,False,2024-06-12T16:54:56+03:00
saludo_con_solicitud,hola,"Hola, te dieron informacion ? aun no llega correo",1,False,2025-08-05T23:13:00+03:00
saludo_con_solicitud,hola,"Hola, Te envio el link con la información técnica del TDR 300, Si necesitas algún dato adicional me indicas y con gusto te colaboro. https://www.viaindustrial.com/medidor-de-humedad-del-suelo-tdr-300-6430fs-spectrum/pp/P166087/",1,False,2025-12-15T23:44:13+03:00
saludo_con_solicitud,hola,"Hola, Te envio el link de la cotización, Te cuento que en el momento cuenta con el 16% de DESCUENTO",1,False,2025-11-06T00:32:01+03:00
saludo_con_solicitud,hola,"Hola, te envio el link de la cotización. Me confirmas si puedes ingresar",1,False,2025-11-05T23:05:43+03:00
saludo_con_solicitud,hola,"Hola, te envio la foto del Calibrador. Enviame tu RUT o cedula y la dirección de entrega para generar la proforma y puedas aprovechar el DESCUENTO",1,False,2025-09-30T20:23:10+03:00
saludo_con_solicitud,hola,"hola, te envio otras alternativas con gusto",1,False,2025-11-26T02:38:26+03:00
saludo_con_solicitud,hola,"Hola, te genero la proforma",1,False,2025-12-22T19:41:31+03:00
saludo_con_solicitud,hola,"Hola, tengo esta disponible para entrega inmediata en el momento. Te genero la proforma",1,False,2025-11-28T15:30:28+03:00
saludo_con_solicitud,hola,"Hola, tengo este de 12.000Btu/Hr https://www.viaindustrial.com/aire-acondicionado-minisplit-ms-12-ms-12-blueline/pp/P240539/",1,False,2025-11-20T22:26:02+03:00
saludo_con_solicitud,hola,"Hola, todo (Equipo con Certificado) se entregaría en 30 días máximo. Te hago la proforma para comenzar el proceso",1,False,2025-09-27T01:58:49+03:00
saludo_con_solicitud,hola,"Hola, Tools & Services te da la bienvenida. Estoy feliz de que te hayas comunicado con nosotros. ¿En qué te puedo ayudar? **Elige tu opción ingresando el número ( solo en dígitos)** 1. Servicio técnico. 2. Cotizaciónes. 3. Hablar con un asesor",1,False,2025-07-10T00:38:57+03:00
saludo_con_solicitud,hola,"Hola, un gusto saludarte. Mi nombre es Manuela, del área de Compras de Grupo Empresarial Falcon. Estamos interesados en adquirir con ustedes los siguientes equipos e insumos de medición. Por favor, solicito su apoyo con una cotización formal en PDF que incluya los siguientes ítems: Barreno para muestreo de suelos: Favor especificar material (preferiblemente acero inoxidable), longitud y tipo de punta (tipo Holandés o similar). Medidor de pH para suelos: Indicar si es de lectura directa o requiere preparación de muestra, y si incluye soluciones de calibración. Kit cromador: Para pruebas de medición de pH y cloro (favor adjuntar ficha técnica)",1,False,2025-12-30T23:10:32+03:00
saludo_con_solicitud,hola,"Hola, una consulta, el rugosímetro de la cotización entrega el Rmax y el Tp",1,False,2025-10-08T21:38:40+03:00
saludo_con_solicitud,hola,"Hola, voy a preguntar y te confirmo",1,False,2025-12-01T17:38:32+03:00
saludo_con_solicitud,hola,"Hola, ya comparti a mis compañeros la oferta si srta",1,False,2025-11-18T18:46:53+03:00
saludo_con_solicitud,hola,"Hola, Ya lo reporto para continuar con el alistamiento, tan pronto me reporten la guia te la comparto",1,False,2025-05-02T18:45:49+03:00
saludo_con_solicitud,hola,"Hola, Ya lo reporto para continuar con el alistamiento, tan pronto me reporten la guia te la comparto. Buenos dias, como estan? Quedo atento a la guia, muchas gracias",1,False,2025-05-05T19:00:11+03:00
saludo_con_solicitud,hola,"Hola, ya me estan confirmando el tiempo de entrega de las 100 unidades",1,False,2025-07-23T23:16:55+03:00
saludo_con_solicitud,hola,"Hola, ya te la actualice, es importado de 10 dias habiles. me confirmas si te sirve el tiempo de entrega y me envias el RUT https://www.viaindustrial.com/cotizacion.asp?CotCliente=1217892&token=456710&p=P249046",1,False,2025-07-07T03:10:18+03:00
saludo_con_solicitud,hola,"Hola, ya te la actualice, es importado de 10 dias habiles. me confirmas si te sirve el tiempo de entrega y me envias el RUT https://www.viaindustrial.com/cotizacion.asp?CotCliente=1217892&token=456710&p=P249046 >> >> Buen dia!, muchas gracias por la informacion",1,False,2025-07-07T18:50:44+03:00
saludo_con_solicitud,hola,"Hola, ya tienes la cotización para la prensa hidráulica de 20 toneladas aquí: >>https://www.viaindustrial.com/cotizacion.asp?CotCliente=1216436&token=456164&p=P250469 >> >>Estoy pendiente para enviarte también la ficha técnica de la prensa hidráulica y la trituradora. Si quieres, dime si tienes alguna duda puntual para ayudarte mejor. También las fichas técnicas de las prensas",1,False,2025-07-02T16:06:59+03:00
saludo_con_solicitud,hola,"Hola, ¿Tienen este relay? Ocupo 15 por favor",1,False,2025-09-19T21:16:51+03:00
saludo_con_solicitud,hola,Hola. Buenos días. Realmente estan muy costosas sus precios. Ya conseguí las masas por otro lado muchísimas gracias,1,False,2025-07-02T16:47:27+03:00
saludo_con_solicitud,hola,Hola. Estas comunicado con A&A Seguridad Industrial. Con quien tengo el gusto? En que te podemos colaborar,1,False,2026-01-07T17:00:49+03:00
saludo_con_solicitud,hola,Hola. Están seguros de que ese es el precio,1,False,2025-07-23T18:37:07+03:00
saludo_con_solicitud,hola,Hola. Gracias. Pero no sme respondió si con ustedes consigo partes si las llego a necesitar,1,False,2025-08-13T18:36:29+03:00
saludo_con_solicitud,hola,Hola. La cotización era en Uruguay o Panamá,1,False,2025-07-23T19:14:46+03:00
saludo_con_solicitud,hola,Hola. Los tengo agotados. Tengo otra marca craftsman. 3 para entrega inmediata y uno para 10 dias. ya te mando la informacion: entonces este mensaje a q corresponde,1,False,2025-07-15T17:45:28+03:00
saludo_con_solicitud,hola,Hola. Muchas gracias pero quedé pendiente de la información de salida de corte,1,False,2025-08-25T19:25:13+03:00
saludo_con_solicitud,hola,"Hola. muchas gracias, las encontramos mas pequeñas y económicas",1,False,2025-05-28T16:21:40+03:00
saludo_con_solicitud,hola,"Hola. No son de esas las que necesito ya que no tienen turbina descartable incorporada, no se adaptan a mi Espirometro. Gracias por tomarse el tiempo de contestar, feliz día",1,False,2025-06-28T01:54:38+03:00
saludo_con_solicitud,hola,Hola. Te encargo por favor pues debo definir ese tema hoy mismo,1,False,2025-07-02T00:51:37+03:00
saludo_con_solicitud,hola,Hola. Te voy a enviar las cotizaciones que adjuntamos a nuestro proyecto,1,False,2025-10-21T17:44:35+03:00
saludo_con_solicitud,hola,Hola... Claro que sí. Hemos remitido la información al financiador para ver la posibilidad de apoyo en ese sentido,1,False,2025-09-19T15:05:12+03:00
saludo_con_solicitud,hola,"Holà Me encontré con viaindustrial bus buscando por el deshumifucador Kaskade, suelo comprar con """"la tienda del apicultor"""" pero el producto no esta disponible. El problema es el precio que es bastante diferente y por otra parte quizàs no enviais para Francia",1,False,2025-06-23T21:36:17+03:00
saludo_con_solicitud,muy buenas tardes,"Muy buenas tardes, disculpe tal vez tiene alguna información sobre lo solicitado",1,False,2025-07-02T21:04:51+03:00
saludo_con_solicitud,muy buenas tardes,"Muy buenas tardes, muchas gracias, si señor estaré informando cualquier cosa",1,False,2025-01-30T01:09:46+03:00
saludo_con_solicitud,muy buenos dias,"Muy buenos dias como esta, le saluda Deison Camilo Serna del departamento de compras de Huawei technologies Colombia , me podria por favor cotizar el precio de las siguientes pruebas? Oil Test - Cromatography Oil Test - Chemical and Physical Analysis Oil Test - PCB Free Oil Test - Furan Analysis",1,False,2026-01-19T17:36:50+03:00
saludo_con_solicitud,muy buenos dias,"Muy buenos dias, agradezco me informe si están en Bogotá, para enviar una persona directamente a su almacén, necesito una cosedora de sacos, agradezco si tiene otra de un valor más económica",1,False,2025-06-10T14:59:30+03:00
saludo_con_solicitud,muy buenos dias,"Muy buenos dias, Camilo Lozano de la empresa Alinco sas. Por favor apra cotizar un motor weg 12,5 hp 220v 3ph dhalander 2 velocidades 1800/900",1,False,2026-03-09T17:36:38+03:00
saludo_con_solicitud,muy buenos dias,Muy buenos días Agradezco la información Sin embargo debo preguntar de nuevo si venden el cargador de este producto No el producto Solo cargador que no es USB Supongo que es un modelo más antiguo Gracias,1,False,2025-10-08T15:39:01+03:00
saludo_con_solicitud,muy buenos dias,Muy buenos días hazme un gran favor estoy pendiente a su cotización con respecto a la electroválvula,1,False,2025-08-27T17:18:37+03:00
saludo_con_solicitud,muy buenos dias,"Muy buenos días muchas gracias, pero tenía que entregar esos materiales hoy, y me tocó comprarlos ya",1,False,2025-09-08T19:13:39+03:00
saludo_con_solicitud,muy buenos dias,Muy buenos días señores vía industrial gracias por la cotización tengo que evaluar un presupuesto para validar si llegó a adquirir las gafas,1,False,2025-07-01T16:13:43+03:00
saludo_con_solicitud,saludos,Saludos gracias por el seguimiento,1,False,2025-05-30T19:53:49+03:00
saludo_formal,cordial saludo,Cordial saludo,2,True,2025-03-27T22:04:08+03:00
saludo_formal,saludos,Saludos,2,True,2025-10-08T18:41:51+03:00
saludo_formal,saludos,saludos cordilaes,1,True,2026-03-04T19:35:52+03:00
saludo_general,hola,Hola,86,True,2025-12-19T22:49:20+03:00
saludo_general,hola,Hola buenos días,59,True,2026-01-19T16:50:46+03:00
saludo_general,hola,Hola buenas tardes,40,True,2026-02-04T02:52:32+03:00
saludo_general,hola,Hola buen día,35,True,2026-03-09T20:58:35+03:00
saludo_general,hola,hola como estas,9,True,2025-12-04T22:43:34+03:00
saludo_general,hola,hola buena tarde,7,True,2026-02-25T00:23:40+03:00
saludo_general,hola,Hola Estefanía,6,True,2025-12-20T00:21:11+03:00
saludo_general,hola,Hola tiempo de entrega,4,True,2025-12-02T00:49:57+03:00
saludo_general,hola,Hola Liz buenas tardes,3,True,2025-12-02T22:03:50+03:00
saludo_general,hola,"Hola, tengo una pregunta",3,True,2025-09-17T15:10:18+03:00
saludo_general,holaaa,Holaaa buen dia,3,True,2025-08-19T19:05:14+03:00
saludo_general,hola,Hola angela,2,True,2025-10-30T19:21:02+03:00
saludo_general,hola,Hola buenos dóas,2,True,2025-06-04T16:46:21+03:00
saludo_general,hola,Hola es una cotización,2,True,2026-02-20T19:38:43+03:00
saludo_general,hola,hola estamo en verificacion,2,True,2025-10-03T22:28:42+03:00
saludo_general,hola,"Hola Fernanda, permiteme valido",2,True,2025-03-31T22:51:59+03:00
saludo_general,hola,"Hola Ing, buenas tardes",2,True,2026-02-11T23:04:08+03:00
saludo_general,hola,hola oferta modificada,2,True,2025-07-18T08:21:48+03:00
saludo_general,hola,Hola Vivian,2,True,2025-09-16T18:41:29+03:00
saludo_general,hola,"Hola, como puedo ayudarte",2,True,2025-10-07T00:09:41+03:00
saludo_general,holaaa,Holaaa,2,True,2025-11-19T22:34:57+03:00
saludo_general,hola,hola a cual correo,1,True,2025-02-05T20:15:16+03:00
saludo_general,hola,Hola ando buscando destiladores,1,True,2025-10-07T23:41:34+03:00
saludo_general,hola,Hola Andrea buenas tardes,1,True,2025-11-20T22:43:02+03:00
saludo_general,hola,Hola Andres buenas tardes,1,True,2025-12-10T23:54:29+03:00
saludo_general,hola,Hola benos dias,1,True,2026-01-07T17:13:50+03:00
saludo_general,hola,hola Bogotá,1,True,2025-10-08T23:14:21+03:00
saludo_general,hola,Hola buen diab,1,True,2025-10-08T14:30:55+03:00
saludo_general,hola,hola buena satrdes,1,True,2026-03-09T22:23:23+03:00
saludo_general,hola,hola buenas,1,True,2025-07-02T22:40:00+03:00
saludo_general,hola,Hola buenas días,1,True,2026-01-16T18:40:26+03:00
saludo_general,hola,hola buend ia,1,True,2025-12-13T01:46:07+03:00
saludo_general,hola,Hola Buendía,1,True,2026-03-10T16:24:14+03:00
saludo_general,hola,Hola buenos dias Liz,1,True,2025-08-14T19:43:22+03:00
saludo_general,hola,Hola buenos dias Sebastian,1,True,2025-11-11T17:55:30+03:00
saludo_general,hola,Hola buenos díasz,1,True,2025-12-12T19:38:12+03:00
saludo_general,hola,Hola comonestss,1,True,2025-06-17T17:41:22+03:00
saludo_general,hola,hola con gusto,1,True,2025-09-25T20:31:49+03:00
saludo_general,hola,Hola corazón si,1,True,2025-10-10T00:30:52+03:00
saludo_general,hola,hola de fabrica Mitutoyo,1,True,2025-07-08T06:50:36+03:00
saludo_general,hola,Hola don Harold,1,True,2025-12-12T22:28:33+03:00
saludo_general,hola,hola el robot inetractua,1,True,2025-10-06T22:19:02+03:00
saludo_general,hola,Hola Erika buenos dias,1,True,2025-12-04T19:30:21+03:00
saludo_general,hola,hola estamos en Bogotá,1,True,2025-12-11T19:25:44+03:00
saludo_general,hola,Hola Evelyn buenos dias,1,True,2025-07-21T14:33:57+03:00
saludo_general,hola,"Hola Fredy, precios",1,True,2025-09-09T01:41:47+03:00
saludo_general,hola,Hola gracias,1,True,2025-06-21T21:49:10+03:00
saludo_general,hola,Hola Jolie con Estefania,1,True,2026-02-28T00:52:42+03:00
saludo_general,hola,Hola me puede,1,True,2025-08-21T19:24:11+03:00
saludo_general,hola,Hola mucho gusto Estefania,1,True,2025-07-18T00:46:36+03:00
saludo_general,hola,Hola mujer,1,True,2025-11-25T20:18:41+03:00
saludo_general,hola,Hola muy buenas tardes,1,True,2025-07-30T22:50:25+03:00
saludo_general,hola,Hola muy buenos dias,1,True,2026-01-13T16:13:36+03:00
saludo_general,hola,hola no,1,True,2025-10-08T06:59:21+03:00
saludo_general,hola,Hola perdone la hora,1,True,2026-03-12T00:37:22+03:00
saludo_general,hola,Hola por cuanto metros,1,True,2025-06-16T20:19:48+03:00
saludo_general,hola,Hola qué tal,1,True,2025-10-07T01:15:42+03:00
saludo_general,hola,"hola si manejo, mira",1,True,2025-09-18T04:47:20+03:00
saludo_general,hola,hola solo Bogota,1,True,2025-10-24T22:57:50+03:00
saludo_general,hola,hola solo el ofertado,1,True,2025-08-05T17:08:27+03:00
saludo_general,hola,Hola somos de Perú,1,True,2025-12-31T21:20:25+03:00
saludo_general,hola,hola soy Angela,1,True,2025-09-19T12:38:49+03:00
saludo_general,hola,hola te comparto,1,True,2025-05-30T19:52:59+03:00
saludo_general,hola,hola te facturamos,1,True,2025-08-15T00:45:23+03:00
saludo_general,hola,hola tengo esta,1,True,2025-07-29T02:17:10+03:00
saludo_general,hola,hola tengo esta crimpadora,1,True,2025-06-26T03:00:37+03:00
saludo_general,hola,Hola tienes la cotizacion,1,True,2025-06-14T01:53:07+03:00
saludo_general,hola,Hola ya reviso,1,True,2025-08-05T16:46:39+03:00
saludo_general,hola,"Hola, como vas",1,True,2026-01-07T16:15:28+03:00
saludo_general,hola,"hola, si asi es",1,True,2025-10-24T23:20:30+03:00
saludo_general,hola,"Hola, soy Estefania",1,True,2026-01-14T22:56:54+03:00
saludo_general,hola,"Hola, te estaba llamando",1,True,2025-09-11T22:19:48+03:00
saludo_general,hola,"Hola, te estoy llamando",1,True,2025-11-25T17:38:18+03:00
saludo_general,hola,"Hola, uds calibran termometros",1,True,2025-09-29T23:30:21+03:00
saludo_general,hola,Hola. Si,1,True,2025-11-21T00:23:35+03:00
saludo_general,hola,Hola. Tienes alguna novedad,1,True,2025-11-04T23:17:43+03:00
saludo_general,holaaaaaa,Holaaaaaa,1,True,2025-08-20T20:59:24+03:00
saludo_horario,buenos dias,Buenos días,134,True,2025-12-29T17:39:40+03:00
saludo_horario,buenas tardes,Buenas tardes,125,True,2026-01-05T23:03:16+03:00
saludo_horario,buen dia,buen dia,86,True,2026-01-09T15:16:00+03:00
saludo_horario,buena tarde,Buena tarde,13,True,2026-03-03T22:38:37+03:00
saludo_horario,buenos,Buenos idas,13,True,2026-03-10T17:54:04+03:00
saludo_horario,buenos dias,Buenos días cómo estás,11,True,2025-07-21T18:54:28+03:00
saludo_horario,buenos dias,"Buenos días , muchas Gracias",9,True,2025-10-21T16:35:26+03:00
saludo_horario,buenas,Buenas,6,True,2026-01-21T21:00:16+03:00
saludo_horario,buen dia,Buen dia. Muchas gracias,5,True,2026-02-24T15:47:05+03:00
saludo_horario,buen dia,"Buen día, lamento la demora",3,True,2026-03-12T18:15:31+03:00
saludo_horario,buenas noches,Buenas noches,3,True,2026-03-02T04:41:54+03:00
saludo_horario,buenos dias,Buenos dias envio comprobante,3,True,2025-11-27T20:04:32+03:00
saludo_horario,buenos dias,Buenos días gracias,3,True,2025-12-15T16:40:13+03:00
saludo_horario,buen dia,Buen dia señor Antonio,2,True,2026-03-11T15:33:36+03:00
saludo_horario,buen dia,"Buen dia, no sabemos gracias",2,True,2025-04-30T18:34:59+03:00
saludo_horario,buen dia,"buen dia, si",2,True,2026-03-06T18:20:15+03:00
saludo_horario,buen dia,"buen dia, ya le confirmo",2,True,2026-01-23T15:41:37+03:00
saludo_horario,buen dia,"buen día, cordial saludos",2,True,2025-06-12T16:36:42+03:00
saludo_horario,buenas tardes,Buenas tardes como estas,2,True,2026-03-11T23:44:38+03:00
saludo_horario,buenas tardes,"buenas tardes, como esta",2,True,2025-09-05T22:11:44+03:00
saludo_horario,buenos,Buenos d+ias,2,True,2026-03-04T19:02:41+03:00
saludo_horario,buenos dias,Buenos dias estefania,2,True,2026-02-27T17:40:09+03:00
saludo_horario,buenos dias,"Buenos días, favor Cor",2,True,2026-03-10T15:51:33+03:00
saludo_horario,buenos dias,"Buenos días, ¿cómo está",2,True,2025-11-21T18:44:50+03:00
saludo_horario,muy buenas tardes,Muy buenas tardes,2,True,2025-11-04T21:03:49+03:00
saludo_horario,buen dia,Buen dia perdón,1,True,2025-06-12T17:07:37+03:00
saludo_horario,buen dia,"buen dia, adjunto cotizacion solicitada",1,True,2025-11-29T00:25:29+03:00
saludo_horario,buen dia,"buen dia, adjunto FICHA TECNICA",1,True,2025-12-17T19:42:56+03:00
saludo_horario,buen dia,"Buen dia, he intentado comunciarme",1,True,2025-11-04T19:53:26+03:00
saludo_horario,buen dia,"Buen dia, no han autorizado",1,True,2025-08-14T22:36:18+03:00
saludo_horario,buen dia,"buen dia, recibido",1,True,2025-05-28T04:05:44+03:00
saludo_horario,buen dia,"buen dia, Remito documento solicitado",1,True,2026-03-02T19:01:14+03:00
saludo_horario,buen dia,"buen dia, si correcto",1,True,2025-11-14T18:13:52+03:00
saludo_horario,buen dia,Buen día como están,1,True,2025-11-10T16:42:07+03:00
saludo_horario,buen dia,buen día don Raul,1,True,2025-10-08T22:55:19+03:00
saludo_horario,buen dia,Buen día Estefania,1,True,2025-11-13T19:35:36+03:00
saludo_horario,buen dia,Buen día termohigrometros kex germany,1,True,2025-11-10T18:29:11+03:00
saludo_horario,buen dia,Buen día y éxitos,1,True,2025-06-24T16:04:13+03:00
saludo_horario,buen dia,"buen día, dolares",1,True,2025-06-19T12:26:10+03:00
saludo_horario,buen dia,"buen día, por favor",1,True,2025-06-19T12:16:06+03:00
saludo_horario,buen dia,Buen día. Ok,1,True,2025-06-24T17:49:28+03:00
saludo_horario,buena tarde,Buena tarde ok,1,True,2025-08-05T20:13:35+03:00
saludo_horario,buenas,buenas atrdes,1,True,2025-06-17T23:23:28+03:00
saludo_horario,buenas dias,Buenas días,1,True,2025-06-18T19:28:16+03:00
saludo_horario,buenas,Buenas Martin,1,True,2026-03-12T23:21:38+03:00
saludo_horario,buenas,Buenas sigo esperando,1,True,2025-10-15T04:34:01+03:00
saludo_horario,buenas tardes,Buenas tardes Don Martin Aguirre,1,True,2025-06-24T22:25:51+03:00
saludo_horario,buenas tardes,Buenas tardes Estefania como estas,1,True,2026-02-17T23:55:45+03:00
saludo_horario,buenas tardes,"Buenas tardes Estefanía, muchas gracias",1,True,2025-04-10T22:04:03+03:00
saludo_horario,buenas tardes,Buenas tardes me interesa,1,True,2025-06-10T20:36:02+03:00
saludo_horario,buenas tardes,buenas tardes pero necesito esta,1,True,2025-06-17T22:32:14+03:00
saludo_horario,buenas tardes,Buenas tardes sii,1,True,2025-09-09T00:02:10+03:00
saludo_horario,buenas tardes,Buenas tardes Sra Marisol,1,True,2025-08-27T23:21:03+03:00
saludo_horario,buenas tardes,Buenas tardes sí llego,1,True,2025-02-26T01:02:44+03:00
saludo_horario,buenas tardes,Buenas tardes tiene alguna respuesta,1,True,2026-02-19T20:23:20+03:00
saludo_horario,buenas tardes,"Buenas tardes, donde están ubicados",1,True,2025-10-08T23:08:31+03:00
saludo_horario,buenas tardes,"Buenas tardes, Recibieron el correo",1,True,2025-06-18T22:24:43+03:00
saludo_horario,buenas tardes,"Buenas tardes, señor Alvaro",1,True,2025-08-25T21:09:56+03:00
saludo_horario,buenas tardes,"buenas tardes, señor LUIS",1,True,2025-12-17T22:06:03+03:00
saludo_horario,buenas tardes,"Buenas tardes, señorita LAURA",1,True,2025-11-26T23:56:46+03:00
saludo_horario,buenas tardes,"buenas tardes, señorita NAYIB",1,True,2025-07-02T21:52:27+03:00
saludo_horario,buenas tardes,"Buenas Tardes, soy Estefania",1,True,2026-03-05T21:53:14+03:00
saludo_horario,buenas tardes,"Buenas tardes, tienes la referencia",1,True,2025-11-05T23:06:00+03:00
saludo_horario,buenas,Buenas tards,1,True,2025-05-13T22:31:25+03:00
saludo_horario,bueno dia,Bueno día muchas gracias,1,True,2025-06-17T18:04:13+03:00
saludo_horario,bueno dia,Bueno. Día,1,True,2025-06-24T17:44:45+03:00
saludo_horario,buenos,Buenos,1,True,2025-12-26T19:59:52+03:00
saludo_horario,buenos dias,buenos dias don David,1,True,2026-02-24T19:23:11+03:00
saludo_horario,buenos dias,Buenos dias estimado,1,True,2025-06-30T17:50:24+03:00
saludo_horario,buenos dias,buenos dias llamemos,1,True,2025-05-03T17:02:58+03:00
saludo_horario,buenos dias,"buenos dias, confirmo recibido, gracias",1,True,2026-01-07T17:08:59+03:00
saludo_horario,buenos dias,"buenos dias, señor Alvaro",1,True,2025-08-13T19:09:31+03:00
saludo_horario,buenos dias,"Buenos dias, señor Joys Acevedo",1,True,2025-09-15T18:51:24+03:00
saludo_horario,buenos dias,"Buenos dias, señora Zoraida",1,True,2025-06-20T16:29:47+03:00
saludo_horario,buenos dias,"buenos dias, ya le confirmo",1,True,2025-12-11T16:24:55+03:00
saludo_horario,buenos dias,"Buenos dias, ¿alquilaran esta herramienta",1,True,2025-07-02T19:35:23+03:00
saludo_horario,buenos dias,Buenos dias. Déjame preguntar,1,True,2025-11-06T16:54:45+03:00
saludo_horario,buenos dias,Buenos días estimados,1,True,2025-07-22T17:53:23+03:00
saludo_horario,buenos dias,buenos días Nia,1,True,2025-06-11T15:32:45+03:00
saludo_horario,buenos dias,Buenos días tienen disponible,1,True,2025-11-18T14:26:11+03:00
saludo_horario,buenos dias,Buenos días y el catálogo,1,True,2025-12-05T13:27:50+03:00
saludo_horario,buenos dias,"Buenos días, cómo puedo contactar",1,True,2025-07-09T15:37:59+03:00
saludo_horario,buenos dias,"Buenos días, Martin como estas",1,True,2025-11-12T16:14:39+03:00
saludo_horario,buenos dias,"Buenos días, recibido",1,True,2025-06-18T16:58:57+03:00
saludo_horario,buenos dias,"Buenos días, Señores Víaindustrial",1,True,2025-10-06T19:13:13+03:00
saludo_horario,buenos dias,"Buenos días, Voy a verificar",1,True,2025-06-18T16:51:16+03:00
saludo_horario,muy buen dia,Muy buen día,1,True,2025-11-14T18:52:19+03:00
saludo_horario,muy buenos dias,Muy buenos dias,1,True,2026-01-15T16:34:30+03:00
